Workbook

Sheet 清单台账
A1: 组件/零件清单下单台账模板（最终版）
A2: 每张订单第一行选择“订单头”，下面填写该订单的组件/零件。复制新订单时复制“订单头+明细行”，粘贴后自动从 1、C001 重新开始。
A3: ERP 后续上传建议读取“ERP导入清单”工作表；清单台账用于日常录入和复制。蓝色列为公式结果，尽量不要手改。
A5: 订单块(自动) | B5: 订单编号 | C5: 制单日期 | D5: 客户名称 | E5: 项目型号 | F5: 行类型 | G5: 自动序号 | H5: 零件类型 | I5: 组件编号(自动) | J5: 所属组件编号(自动/可改) | K5: 物料号 | L5: 图号 | M5: 产品名称 | N5: 展开尺寸 | O5: 厚度 | P5: 订单数 | Q5: 单套用量 | R5: 需求数量(自动) | S5: 单位 | T5: 工艺路线 | U5: 工艺备注 | V5: 图纸日期 | W5: 图纸状态 | X5: helperTopNoInBlock | Y5: helperTopNoForSeq | Z5: helperChildNo | AA5: helperOrderNo | AB5: helperOrderDate | AC5: helperCustomer | AD5: helperProject | AE5: helperExportFlag
A6: =IF($F6="","",COUNTIF($F$6:$F6,"订单头")) -> 1 | B6: RSD-20260510-001 | C6: 46126 | D6: 合肥荣事达太阳能有限公司 | E6: C型15P | F6: 订单头 | G6: =IF($F6="","",IF($F6="订单头","订单头",IF(AND($F6="零件",$J6<>""),IFERROR(SUMIFS($Y$6:$Y$205,$A$6:$A$205,$A6,$I$6:$I$205,$J6)&"."&$Z6,"父组件不存在"),$Y6))) -> 订单头 | I6: =IF($F6="组件","C"&TEXT(COUNTIFS($A$6:$A6,$A6,$F$6:$F6,"组件"),"000"),"") | J6: =IF($F6="零件",IF($P6<>"","",IF(AND($A6=$A5,$F5="组件"),$I5,IF(AND($A6=$A5,$F5="零件",$J5<>""),$J5,""))),"") | R6: =IF(OR($F6="",$F6="订单头"),"",IF(AND($F6="零件",$J6<>""),"",IF($P6="","",$P6*IF($Q6="",1,$Q6)))) | X6: =IF($F6="","",IF($F6="订单头",0,IF(OR($F6="组件",AND($F6="零件",$J6="")),1,0))) -> 0 | Y6: =IF($F6="","",IF($F6="订单头","",IF(AND($F6="零件",$J6<>""),"",$X6))) | Z6: =IF(AND($F6="零件",$J6<>""),COUNTIFS($A$6:$A6,$A6,$J$6:$J6,$J6,$F$6:$F6,"零件"),"") | AA6: =IF($F6="订单头",$B6,"") -> RSD-20260510-001 | AB6: =IF($F6="订单头",$C6,"") -> 46126 | AC6: =IF($F6="订单头",$D6,"") -> 合肥荣事达太阳能有限公司 | AD6: =IF($F6="订单头",$E6,"") -> C型15P | AE6: =IF(OR($F6="组件",$F6="零件"),1,0) -> 0
A7: =IF($F7="","",COUNTIF($F$6:$F7,"订单头")) -> 1 | F7: 零件 | G7: =IF($F7="","",IF($F7="订单头","订单头",IF(AND($F7="零件",$J7<>""),IFERROR(SUMIFS($Y$6:$Y$205,$A$6:$A$205,$A7,$I$6:$I$205,$J7)&"."&$Z7,"父组件不存在"),$Y7))) -> 1 | H7: 通用件 | I7: =IF($F7="组件","C"&TEXT(COUNTIFS($A$6:$A7,$A7,$F$6:$F7,"组件"),"000"),"") | J7: =IF($F7="零件",IF($P7<>"","",IF(AND($A7=$A6,$F6="组件"),$I6,IF(AND($A7=$A6,$F6="零件",$J6<>""),$J6,""))),"") | K7: RS10703010033 | L7: RBKS-300DBII-10-50-01 | M7: 顶盖 | O7: 1mm | P7: 16 | R7: =IF(OR($F7="",$F7="订单头"),"",IF(AND($F7="零件",$J7<>""),IFERROR(SUMIFS($R$6:$R6,$A$6:$A6,$A7,$I$6:$I6,$J7)*IF($Q7="",1,$Q7),""),IF($P7="","",$P7*IF($Q7="",1,$Q7)))) -> 16 | S7: 件 | U7: 百胜样机款 | W7: 旧图 | X7: =IF($F7="","",IF($F7="订单头",0,IF($A7=$A6,$X6,0)+IF(OR($F7="组件",AND($F7="零件",$J7="")),1,0))) -> 1 | Y7: =IF($F7="","",IF($F7="订单头","",IF(AND($F7="零件",$J7<>""),"",$X7))) -> 1 | Z7: =IF(AND($F7="零件",$J7<>""),COUNTIFS($A$6:$A7,$A7,$J$6:$J7,$J7,$F$6:$F7,"零件"),"") | AA7: =IF($F7="","",IF($F7="订单头",$B7,IF($A7=$A6,$AA6,""))) -> RSD-20260510-001 | AB7: =IF($F7="","",IF($F7="订单头",$C7,IF($A7=$A6,$AB6,""))) -> 46126 | AC7: =IF($F7="","",IF($F7="订单头",$D7,IF($A7=$A6,$AC6,""))) -> 合肥荣事达太阳能有限公司 | AD7: =IF($F7="","",IF($F7="订单头",$E7,IF($A7=$A6,$AD6,""))) -> C型15P | AE7: =IF(OR($F7="组件",$F7="零件"),1,0) -> 1
A8: =IF($F8="","",COUNTIF($F$6:$F8,"订单头")) -> 1 | F8: 零件 | G8: =IF($F8="","",IF($F8="订单头","订单头",IF(AND($F8="零件",$J8<>""),IFERROR(SUMIFS($Y$6:$Y$205,$A$6:$A$205,$A8,$I$6:$I$205,$J8)&"."&$Z8,"父组件不存在"),$Y8))) -> 2 | H8: 通用件 | I8: =IF($F8="组件","C"&TEXT(COUNTIFS($A$6:$A8,$A8,$F$6:$F8,"组件"),"000"),"") | J8: =IF($F8="零件",IF($P8<>"","",IF(AND($A8=$A7,$F7="组件"),$I7,IF(AND($A8=$A7,$F7="零件",$J7<>""),$J7,""))),"") | K8: RS10701050458 | L8: RBKS-300DBII-10-01 | M8: 左侧封板 | O8: 1mm | P8: 16 | R8: =IF(OR($F8="",$F8="订单头"),"",IF(AND($F8="零件",$J8<>""),IFERROR(SUMIFS($R$6:$R7,$A$6:$A7,$A8,$I$6:$I7,$J8)*IF($Q8="",1,$Q8),""),IF($P8="","",$P8*IF($Q8="",1,$Q8)))) -> 16 | S8: 件 | T8: 激光切割>折弯 | U8: 百胜样机款 | W8: 旧图 | X8: =IF($F8="","",IF($F8="订单头",0,IF($A8=$A7,$X7,0)+IF(OR($F8="组件",AND($F8="零件",$J8="")),1,0))) -> 2 | Y8: =IF($F8="","",IF($F8="订单头","",IF(AND($F8="零件",$J8<>""),"",$X8))) -> 2 | Z8: =IF(AND($F8="零件",$J8<>""),COUNTIFS($A$6:$A8,$A8,$J$6:$J8,$J8,$F$6:$F8,"零件"),"") | AA8: =IF($F8="","",IF($F8="订单头",$B8,IF($A8=$A7,$AA7,""))) -> RSD-20260510-001 | AB8: =IF($F8="","",IF($F8="订单头",$C8,IF($A8=$A7,$AB7,""))) -> 46126 | AC8: =IF($F8="","",IF($F8="订单头",$D8,IF($A8=$A7,$AC7,""))) -> 合肥荣事达太阳能有限公司 | AD8: =IF($F8="","",IF($F8="订单头",$E8,IF($A8=$A7,$AD7,""))) -> C型15P | AE8: =IF(OR($F8="组件",$F8="零件"),1,0) -> 1
A9: =IF($F9="","",COUNTIF($F$6:$F9,"订单头")) -> 1 | F9: 零件 | G9: =IF($F9="","",IF($F9="订单头","订单头",IF(AND($F9="零件",$J9<>""),IFERROR(SUMIFS($Y$6:$Y$205,$A$6:$A$205,$A9,$I$6:$I$205,$J9)&"."&$Z9,"父组件不存在"),$Y9))) -> 3 | H9: 通用件 | I9: =IF($F9="组件","C"&TEXT(COUNTIFS($A$6:$A9,$A9,$F$6:$F9,"组件"),"000"),"") | J9: =IF($F9="零件",IF($P9<>"","",IF(AND($A9=$A8,$F8="组件"),$I8,IF(AND($A9=$A8,$F8="零件",$J8<>""),$J8,""))),"") | K9: RS10701050459 | L9: RBKS-300DBII-10-03 | M9: 前风机板（钢丝网） | O9: 1mm | P9: 16 | R9: =IF(OR($F9="",$F9="订单头"),"",IF(AND($F9="零件",$J9<>""),IFERROR(SUMIFS($R$6:$R8,$A$6:$A8,$A9,$I$6:$I8,$J9)*IF($Q9="",1,$Q9),""),IF($P9="","",$P9*IF($Q9="",1,$Q9)))) -> 16 | S9: 件 | T9: 激光切割>折弯 | U9: 增冷凝器孔 | V9: 44657 | W9: 旧图 | X9: =IF($F9="","",IF($F9="订单头",0,IF($A9=$A8,$X8,0)+IF(OR($F9="组件",AND($F9="零件",$J9="")),1,0))) -> 3 | Y9: =IF($F9="","",IF($F9="订单头","",IF(AND($F9="零件",$J9<>""),"",$X9))) -> 3 | Z9: =IF(AND($F9="零件",$J9<>""),COUNTIFS($A$6:$A9,$A9,$J$6:$J9,$J9,$F$6:$F9,"零件"),"") | AA9: =IF($F9="","",IF($F9="订单头",$B9,IF($A9=$A8,$AA8,""))) -> RSD-20260510-001 | AB9: =IF($F9="","",IF($F9="订单头",$C9,IF($A9=$A8,$AB8,""))) -> 46126 | AC9: =IF($F9="","",IF($F9="订单头",$D9,IF($A9=$A8,$AC8,""))) -> 合肥荣事达太阳能有限公司 | AD9: =IF($F9="","",IF($F9="订单头",$E9,IF($A9=$A8,$AD8,""))) -> C型15P | AE9: =IF(OR($F9="组件",$F9="零件"),1,0) -> 1
A10: =IF($F10="","",COUNTIF($F$6:$F10,"订单头")) -> 1 | F10: 组件 | G10: =IF($F10="","",IF($F10="订单头","订单头",IF(AND($F10="零件",$J10<>""),IFERROR(SUMIFS($Y$6:$Y$205,$A$6:$A$205,$A10,$I$6:$I$205,$J10)&"."&$Z10,"父组件不存在"),$Y10))) -> 4 | H10: 通用件 | I10: =IF($F10="组件","C"&TEXT(COUNTIFS($A$6:$A10,$A10,$F$6:$F10,"组件"),"000"),"") -> C001 | J10: =IF($F10="零件",IF($P10<>"","",IF(AND($A10=$A9,$F9="组件"),$I9,IF(AND($A10=$A9,$F9="零件",$J9<>""),$J9,""))),"") | K10: RS10701020216 | L10: RBKS-300DBII-10-30 | M10: 风机支架组件 | O10: 2mm | P10: 16 | Q10: 1 | R10: =IF(OR($F10="",$F10="订单头"),"",IF(AND($F10="零件",$J10<>""),IFERROR(SUMIFS($R$6:$R9,$A$6:$A9,$A10,$I$6:$I9,$J10)*IF($Q10="",1,$Q10),""),IF($P10="","",$P10*IF($Q10="",1,$Q10)))) -> 16 | S10: 套 | T10: 装配 | U10: 螺丝组装，百胜样机款 | W10: 旧图 | X10: =IF($F10="","",IF($F10="订单头",0,IF($A10=$A9,$X9,0)+IF(OR($F10="组件",AND($F10="零件",$J10="")),1,0))) -> 4 | Y10: =IF($F10="","",IF($F10="订单头","",IF(AND($F10="零件",$J10<>""),"",$X10))) -> 4 | Z10: =IF(AND($F10="零件",$J10<>""),COUNTIFS($A$6:$A10,$A10,$J$6:$J10,$J10,$F$6:$F10,"零件"),"") | AA10: =IF($F10="","",IF($F10="订单头",$B10,IF($A10=$A9,$AA9,""))) -> RSD-20260510-001 | AB10: =IF($F10="","",IF($F10="订单头",$C10,IF($A10=$A9,$AB9,""))) -> 46126 | AC10: =IF($F10="","",IF($F10="订单头",$D10,IF($A10=$A9,$AC9,""))) -> 合肥荣事达太阳能有限公司 | AD10: =IF($F10="","",IF($F10="订单头",$E10,IF($A10=$A9,$AD9,""))) -> C型15P | AE10: =IF(OR($F10="组件",$F10="零件"),1,0) -> 1
A11: =IF($F11="","",COUNTIF($F$6:$F11,"订单头")) -> 1 | F11: 零件 | G11: =IF($F11="","",IF($F11="订单头","订单头",IF(AND($F11="零件",$J11<>""),IFERROR(SUMIFS($Y$6:$Y$205,$A$6:$A$205,$A11,$I$6:$I$205,$J11)&"."&$Z11,"父组件不存在"),$Y11))) -> 4.1 | H11: 通用件 | I11: =IF($F11="组件","C"&TEXT(COUNTIFS($A$6:$A11,$A11,$F$6:$F11,"组件"),"000"),"") | J11: =IF($F11="零件",IF($P11<>"","",IF(AND($A11=$A10,$F10="组件"),$I10,IF(AND($A11=$A10,$F10="零件",$J10<>""),$J10,""))),"") -> C001 | L11: RLKS-300DBII-10-30-B | M11: 风机支架折弯件 | O11: 2mm | Q11: 1 | R11: =IF(OR($F11="",$F11="订单头"),"",IF(AND($F11="零件",$J11<>""),IFERROR(SUMIFS($R$6:$R10,$A$6:$A10,$A11,$I$6:$I10,$J11)*IF($Q11="",1,$Q11),""),IF($P11="","",$P11*IF($Q11="",1,$Q11)))) -> 16 | S11: 件 | T11: 激光切割>折弯 | U11: 组件 C001 的子件 | W11: 旧图 | X11: =IF($F11="","",IF($F11="订单头",0,IF($A11=$A10,$X10,0)+IF(OR($F11="组件",AND($F11="零件",$J11="")),1,0))) -> 4 | Y11: =IF($F11="","",IF($F11="订单头","",IF(AND($F11="零件",$J11<>""),"",$X11))) | Z11: =IF(AND($F11="零件",$J11<>""),COUNTIFS($A$6:$A11,$A11,$J$6:$J11,$J11,$F$6:$F11,"零件"),"") -> 1 | AA11: =IF($F11="","",IF($F11="订单头",$B11,IF($A11=$A10,$AA10,""))) -> RSD-20260510-001 | AB11: =IF($F11="","",IF($F11="订单头",$C11,IF($A11=$A10,$AB10,""))) -> 46126 | AC11: =IF($F11="","",IF($F11="订单头",$D11,IF($A11=$A10,$AC10,""))) -> 合肥荣事达太阳能有限公司 | AD11: =IF($F11="","",IF($F11="订单头",$E11,IF($A11=$A10,$AD10,""))) -> C型15P | AE11: =IF(OR($F11="组件",$F11="零件"),1,0) -> 1
A12: =IF($F12="","",COUNTIF($F$6:$F12,"订单头")) -> 1 | F12: 零件 | G12: =IF($F12="","",IF($F12="订单头","订单头",IF(AND($F12="零件",$J12<>""),IFERROR(SUMIFS($Y$6:$Y$205,$A$6:$A$205,$A12,$I$6:$I$205,$J12)&"."&$Z12,"父组件不存在"),$Y12))) -> 4.2 | H12: 通用件 | I12: =IF($F12="组件","C"&TEXT(COUNTIFS($A$6:$A12,$A12,$F$6:$F12,"组件"),"000"),"") | J12: =IF($F12="零件",IF($P12<>"","",IF(AND($A12=$A11,$F11="组件"),$I11,IF(AND($A12=$A11,$F11="零件",$J11<>""),$J11,""))),"") -> C001 | L12: RBKS-300DBII-10-30-05 | M12: 机架加强板 | O12: 1mm | Q12: 1 | R12: =IF(OR($F12="",$F12="订单头"),"",IF(AND($F12="零件",$J12<>""),IFERROR(SUMIFS($R$6:$R11,$A$6:$A11,$A12,$I$6:$I11,$J12)*IF($Q12="",1,$Q12),""),IF($P12="","",$P12*IF($Q12="",1,$Q12)))) -> 16 | S12: 件 | T12: 激光切割 | U12: 模具成型，百胜样机款 | W12: 旧图 | X12: =IF($F12="","",IF($F12="订单头",0,IF($A12=$A11,$X11,0)+IF(OR($F12="组件",AND($F12="零件",$J12="")),1,0))) -> 4 | Y12: =IF($F12="","",IF($F12="订单头","",IF(AND($F12="零件",$J12<>""),"",$X12))) | Z12: =IF(AND($F12="零件",$J12<>""),COUNTIFS($A$6:$A12,$A12,$J$6:$J12,$J12,$F$6:$F12,"零件"),"") -> 2 | AA12: =IF($F12="","",IF($F12="订单头",$B12,IF($A12=$A11,$AA11,""))) -> RSD-20260510-001 | AB12: =IF($F12="","",IF($F12="订单头",$C12,IF($A12=$A11,$AB11,""))) -> 46126 | AC12: =IF($F12="","",IF($F12="订单头",$D12,IF($A12=$A11,$AC11,""))) -> 合肥荣事达太阳能有限公司 | AD12: =IF($F12="","",IF($F12="订单头",$E12,IF($A12=$A11,$AD11,""))) -> C型15P | AE12: =IF(OR($F12="组件",$F12="零件"),1,0) -> 1
A13: =IF($F13="","",COUNTIF($F$6:$F13,"订单头")) -> 1 | F13: 组件 | G13: =IF($F13="","",IF($F13="订单头","订单头",IF(AND($F13="零件",$J13<>""),IFERROR(SUMIFS($Y$6:$Y$205,$A$6:$A$205,$A13,$I$6:$I$205,$J13)&"."&$Z13,"父组件不存在"),$Y13))) -> 5 | H13: 定制件 | I13: =IF($F13="组件","C"&TEXT(COUNTIFS($A$6:$A13,$A13,$F$6:$F13,"组件"),"000"),"") -> C002 | J13: =IF($F13="零件",IF($P13<>"","",IF(AND($A13=$A12,$F12="组件"),$I12,IF(AND($A13=$A12,$F12="零件",$J12<>""),$J12,""))),"") | K13: RS10701010142 | L13: RBKS-300DBII-10-00 | M13: 底盘组件（激光割） | O13: 2mm | P13: 16 | Q13: 1 | R13: =IF(OR($F13="",$F13="订单头"),"",IF(AND($F13="零件",$J13<>""),IFERROR(SUMIFS($R$6:$R12,$A$6:$A12,$A13,$I$6:$I12,$J13)*IF($Q13="",1,$Q13),""),IF($P13="","",$P13*IF($Q13="",1,$Q13)))) -> 16 | S13: 套 | T13: 激光切割>焊接>装配 | U13: 点5个电热丝固定卡，割孔，焊螺丝 | V13: 45247 | W13: 旧图 | X13: =IF($F13="","",IF($F13="订单头",0,IF($A13=$A12,$X12,0)+IF(OR($F13="组件",AND($F13="零件",$J13="")),1,0))) -> 5 | Y13: =IF($F13="","",IF($F13="订单头","",IF(AND($F13="零件",$J13<>""),"",$X13))) -> 5 | Z13: =IF(AND($F13="零件",$J13<>""),COUNTIFS($A$6:$A13,$A13,$J$6:$J13,$J13,$F$6:$F13,"零件"),"") | AA13: =IF($F13="","",IF($F13="订单头",$B13,IF($A13=$A12,$AA12,""))) -> RSD-20260510-001 | AB13: =IF($F13="","",IF($F13="订单头",$C13,IF($A13=$A12,$AB12,""))) -> 46126 | AC13: =IF($F13="","",IF($F13="订单头",$D13,IF($A13=$A12,$AC12,""))) -> 合肥荣事达太阳能有限公司 | AD13: =IF($F13="","",IF($F13="订单头",$E13,IF($A13=$A12,$AD12,""))) -> C型15P | AE13: =IF(OR($F13="组件",$F13="零件"),1,0) -> 1
A14: =IF($F14="","",COUNTIF($F$6:$F14,"订单头")) -> 1 | F14: 零件 | G14: =IF($F14="","",IF($F14="订单头","订单头",IF(AND($F14="零件",$J14<>""),IFERROR(SUMIFS($Y$6:$Y$205,$A$6:$A$205,$A14,$I$6:$I$205,$J14)&"."&$Z14,"父组件不存在"),$Y14))) -> 5.1 | H14: 定制件 | I14: =IF($F14="组件","C"&TEXT(COUNTIFS($A$6:$A14,$A14,$F$6:$F14,"组件"),"000"),"") | J14: =IF($F14="零件",IF($P14<>"","",IF(AND($A14=$A13,$F13="组件"),$I13,IF(AND($A14=$A13,$F13="零件",$J13<>""),$J13,""))),"") -> C002 | L14: RBKS-300DBII-10-00-A | M14: 底盘板 | O14: 2mm | Q14: 1 | R14: =IF(OR($F14="",$F14="订单头"),"",IF(AND($F14="零件",$J14<>""),IFERROR(SUMIFS($R$6:$R13,$A$6:$A13,$A14,$I$6:$I13,$J14)*IF($Q14="",1,$Q14),""),IF($P14="","",$P14*IF($Q14="",1,$Q14)))) -> 16 | S14: 件 | T14: 激光切割 | U14: 小孔，割3-Φ3.2孔 | W14: 待确认 | X14: =IF($F14="","",IF($F14="订单头",0,IF($A14=$A13,$X13,0)+IF(OR($F14="组件",AND($F14="零件",$J14="")),1,0))) -> 5 | Y14: =IF($F14="","",IF($F14="订单头","",IF(AND($F14="零件",$J14<>""),"",$X14))) | Z14: =IF(AND($F14="零件",$J14<>""),COUNTIFS($A$6:$A14,$A14,$J$6:$J14,$J14,$F$6:$F14,"零件"),"") -> 1 | AA14: =IF($F14="","",IF($F14="订单头",$B14,IF($A14=$A13,$AA13,""))) -> RSD-20260510-001 | AB14: =IF($F14="","",IF($F14="订单头",$C14,IF($A14=$A13,$AB13,""))) -> 46126 | AC14: =IF($F14="","",IF($F14="订单头",$D14,IF($A14=$A13,$AC13,""))) -> 合肥荣事达太阳能有限公司 | AD14: =IF($F14="","",IF($F14="订单头",$E14,IF($A14=$A13,$AD13,""))) -> C型15P | AE14: =IF(OR($F14="组件",$F14="零件"),1,0) -> 1
A15: =IF($F15="","",COUNTIF($F$6:$F15,"订单头")) -> 1 | F15: 零件 | G15: =IF($F15="","",IF($F15="订单头","订单头",IF(AND($F15="零件",$J15<>""),IFERROR(SUMIFS($Y$6:$Y$205,$A$6:$A$205,$A15,$I$6:$I$205,$J15)&"."&$Z15,"父组件不存在"),$Y15))) -> 5.2 | H15: 定制件 | I15: =IF($F15="组件","C"&TEXT(COUNTIFS($A$6:$A15,$A15,$F$6:$F15,"组件"),"000"),"") | J15: =IF($F15="零件",IF($P15<>"","",IF(AND($A15=$A14,$F14="组件"),$I14,IF(AND($A15=$A14,$F14="零件",$J14<>""),$J14,""))),"") -> C002 | L15: RBKS-300DBII-10-00-B | M15: 底盘加强片 | O15: 1.5mm | Q15: 1 | R15: =IF(OR($F15="",$F15="订单头"),"",IF(AND($F15="零件",$J15<>""),IFERROR(SUMIFS($R$6:$R14,$A$6:$A14,$A15,$I$6:$I14,$J15)*IF($Q15="",1,$Q15),""),IF($P15="","",$P15*IF($Q15="",1,$Q15)))) -> 16 | S15: 件 | T15: 激光切割>折弯 | U15: 焊2-M8x20螺丝 | W15: 待确认 | X15: =IF($F15="","",IF($F15="订单头",0,IF($A15=$A14,$X14,0)+IF(OR($F15="组件",AND($F15="零件",$J15="")),1,0))) -> 5 | Y15: =IF($F15="","",IF($F15="订单头","",IF(AND($F15="零件",$J15<>""),"",$X15))) | Z15: =IF(AND($F15="零件",$J15<>""),COUNTIFS($A$6:$A15,$A15,$J$6:$J15,$J15,$F$6:$F15,"零件"),"") -> 2 | AA15: =IF($F15="","",IF($F15="订单头",$B15,IF($A15=$A14,$AA14,""))) -> RSD-20260510-001 | AB15: =IF($F15="","",IF($F15="订单头",$C15,IF($A15=$A14,$AB14,""))) -> 46126 | AC15: =IF($F15="","",IF($F15="订单头",$D15,IF($A15=$A14,$AC14,""))) -> 合肥荣事达太阳能有限公司 | AD15: =IF($F15="","",IF($F15="订单头",$E15,IF($A15=$A14,$AD14,""))) -> C型15P | AE15: =IF(OR($F15="组件",$F15="零件"),1,0) -> 1
A16: =IF($F16="","",COUNTIF($F$6:$F16,"订单头")) -> 1 | F16: 零件 | G16: =IF($F16="","",IF($F16="订单头","订单头",IF(AND($F16="零件",$J16<>""),IFERROR(SUMIFS($Y$6:$Y$205,$A$6:$A$205,$A16,$I$6:$I$205,$J16)&"."&$Z16,"父组件不存在"),$Y16))) -> 6 | H16: 外协件 | I16: =IF($F16="组件","C"&TEXT(COUNTIFS($A$6:$A16,$A16,$F$6:$F16,"组件"),"000"),"") | J16: =IF($F16="零件",IF($P16<>"","",IF(AND($A16=$A15,$F15="组件"),$I15,IF(AND($A16=$A15,$F15="零件",$J15<>""),$J15,""))),"") | K16: RS10707010049 | L16: RBKS-300DBII-10-04 | M16: 网罩 | P16: 32 | R16: =IF(OR($F16="",$F16="订单头"),"",IF(AND($F16="零件",$J16<>""),IFERROR(SUMIFS($R$6:$R15,$A$6:$A15,$A16,$I$6:$I15,$J16)*IF($Q16="",1,$Q16),""),IF($P16="","",$P16*IF($Q16="",1,$Q16)))) -> 32 | S16: 件 | U16: 钢丝网 | W16: 旧图 | X16: =IF($F16="","",IF($F16="订单头",0,IF($A16=$A15,$X15,0)+IF(OR($F16="组件",AND($F16="零件",$J16="")),1,0))) -> 6 | Y16: =IF($F16="","",IF($F16="订单头","",IF(AND($F16="零件",$J16<>""),"",$X16))) -> 6 | Z16: =IF(AND($F16="零件",$J16<>""),COUNTIFS($A$6:$A16,$A16,$J$6:$J16,$J16,$F$6:$F16,"零件"),"") | AA16: =IF($F16="","",IF($F16="订单头",$B16,IF($A16=$A15,$AA15,""))) -> RSD-20260510-001 | AB16: =IF($F16="","",IF($F16="订单头",$C16,IF($A16=$A15,$AB15,""))) -> 46126 | AC16: =IF($F16="","",IF($F16="订单头",$D16,IF($A16=$A15,$AC15,""))) -> 合肥荣事达太阳能有限公司 | AD16: =IF($F16="","",IF($F16="订单头",$E16,IF($A16=$A15,$AD15,""))) -> C型15P | AE16: =IF(OR($F16="组件",$F16="零件"),1,0) -> 1
A17: =IF($F17="","",COUNTIF($F$6:$F17,"订单头")) | G17: =IF($F17="","",IF($F17="订单头","订单头",IF(AND($F17="零件",$J17<>""),IFERROR(SUMIFS($Y$6:$Y$205,$A$6:$A$205,$A17,$I$6:$I$205,$J17)&"."&$Z17,"父组件不存在"),$Y17))) | I17: =IF($F17="组件","C"&TEXT(COUNTIFS($A$6:$A17,$A17,$F$6:$F17,"组件"),"000"),"") | J17: =IF($F17="零件",IF($P17<>"","",IF(AND($A17=$A16,$F16="组件"),$I16,IF(AND($A17=$A16,$F16="零件",$J16<>""),$J16,""))),"") | R17: =IF(OR($F17="",$F17="订单头"),"",IF(AND($F17="零件",$J17<>""),IFERROR(SUMIFS($R$6:$R16,$A$6:$A16,$A17,$I$6:$I16,$J17)*IF($Q17="",1,$Q17),""),IF($P17="","",$P17*IF($Q17="",1,$Q17)))) | X17: =IF($F17="","",IF($F17="订单头",0,IF($A17=$A16,$X16,0)+IF(OR($F17="组件",AND($F17="零件",$J17="")),1,0))) | Y17: =IF($F17="","",IF($F17="订单头","",IF(AND($F17="零件",$J17<>""),"",$X17))) | Z17: =IF(AND($F17="零件",$J17<>""),COUNTIFS($A$6:$A17,$A17,$J$6:$J17,$J17,$F$6:$F17,"零件"),"") | AA17: =IF($F17="","",IF($F17="订单头",$B17,IF($A17=$A16,$AA16,""))) | AB17: =IF($F17="","",IF($F17="订单头",$C17,IF($A17=$A16,$AB16,""))) | AC17: =IF($F17="","",IF($F17="订单头",$D17,IF($A17=$A16,$AC16,""))) | AD17: =IF($F17="","",IF($F17="订单头",$E17,IF($A17=$A16,$AD16,""))) | AE17: =IF(OR($F17="组件",$F17="零件"),1,0) -> 0
A18: =IF($F18="","",COUNTIF($F$6:$F18,"订单头")) -> 2 | B18: RSD-20260601-002 | C18: 46174 | D18: 合肥荣事达太阳能有限公司 | E18: B型5P | F18: 订单头 | G18: =IF($F18="","",IF($F18="订单头","订单头",IF(AND($F18="零件",$J18<>""),IFERROR(SUMIFS($Y$6:$Y$205,$A$6:$A$205,$A18,$I$6:$I$205,$J18)&"."&$Z18,"父组件不存在"),$Y18))) -> 订单头 | I18: =IF($F18="组件","C"&TEXT(COUNTIFS($A$6:$A18,$A18,$F$6:$F18,"组件"),"000"),"") | J18: =IF($F18="零件",IF($P18<>"","",IF(AND($A18=$A17,$F17="组件"),$I17,IF(AND($A18=$A17,$F17="零件",$J17<>""),$J17,""))),"") | R18: =IF(OR($F18="",$F18="订单头"),"",IF(AND($F18="零件",$J18<>""),IFERROR(SUMIFS($R$6:$R17,$A$6:$A17,$A18,$I$6:$I17,$J18)*IF($Q18="",1,$Q18),""),IF($P18="","",$P18*IF($Q18="",1,$Q18)))) | X18: =IF($F18="","",IF($F18="订单头",0,IF($A18=$A17,$X17,0)+IF(OR($F18="组件",AND($F18="零件",$J18="")),1,0))) -> 0 | Y18: =IF($F18="","",IF($F18="订单头","",IF(AND($F18="零件",$J18<>""),"",$X18))) | Z18: =IF(AND($F18="零件",$J18<>""),COUNTIFS($A$6:$A18,$A18,$J$6:$J18,$J18,$F$6:$F18,"零件"),"") | AA18: =IF($F18="","",IF($F18="订单头",$B18,IF($A18=$A17,$AA17,""))) -> RSD-20260601-002 | AB18: =IF($F18="","",IF($F18="订单头",$C18,IF($A18=$A17,$AB17,""))) -> 46174 | AC18: =IF($F18="","",IF($F18="订单头",$D18,IF($A18=$A17,$AC17,""))) -> 合肥荣事达太阳能有限公司 | AD18: =IF($F18="","",IF($F18="订单头",$E18,IF($A18=$A17,$AD17,""))) -> B型5P | AE18: =IF(OR($F18="组件",$F18="零件"),1,0) -> 0
A19: =IF($F19="","",COUNTIF($F$6:$F19,"订单头")) -> 2 | F19: 零件 | G19: =IF($F19="","",IF($F19="订单头","订单头",IF(AND($F19="零件",$J19<>""),IFERROR(SUMIFS($Y$6:$Y$205,$A$6:$A$205,$A19,$I$6:$I$205,$J19)&"."&$Z19,"父组件不存在"),$Y19))) -> 1 | H19: 通用件 | I19: =IF($F19="组件","C"&TEXT(COUNTIFS($A$6:$A19,$A19,$F$6:$F19,"组件"),"000"),"") | J19: =IF($F19="零件",IF($P19<>"","",IF(AND($A19=$A18,$F18="组件"),$I18,IF(AND($A19=$A18,$F18="零件",$J18<>""),$J18,""))),"") | K19: RS10703222 | L19: B5机型物料号-10-50-01 | M19: 顶盖 | O19: 1mm | P19: 16 | R19: =IF(OR($F19="",$F19="订单头"),"",IF(AND($F19="零件",$J19<>""),IFERROR(SUMIFS($R$6:$R18,$A$6:$A18,$A19,$I$6:$I18,$J19)*IF($Q19="",1,$Q19),""),IF($P19="","",$P19*IF($Q19="",1,$Q19)))) -> 16 | S19: 件 | U19: 百胜样机款 | W19: 旧图 | X19: =IF($F19="","",IF($F19="订单头",0,IF($A19=$A18,$X18,0)+IF(OR($F19="组件",AND($F19="零件",$J19="")),1,0))) -> 1 | Y19: =IF($F19="","",IF($F19="订单头","",IF(AND($F19="零件",$J19<>""),"",$X19))) -> 1 | Z19: =IF(AND($F19="零件",$J19<>""),COUNTIFS($A$6:$A19,$A19,$J$6:$J19,$J19,$F$6:$F19,"零件"),"") | AA19: =IF($F19="","",IF($F19="订单头",$B19,IF($A19=$A18,$AA18,""))) -> RSD-20260601-002 | AB19: =IF($F19="","",IF($F19="订单头",$C19,IF($A19=$A18,$AB18,""))) -> 46174 | AC19: =IF($F19="","",IF($F19="订单头",$D19,IF($A19=$A18,$AC18,""))) -> 合肥荣事达太阳能有限公司 | AD19: =IF($F19="","",IF($F19="订单头",$E19,IF($A19=$A18,$AD18,""))) -> B型5P | AE19: =IF(OR($F19="组件",$F19="零件"),1,0) -> 1
A20: =IF($F20="","",COUNTIF($F$6:$F20,"订单头")) -> 2 | F20: 零件 | G20: =IF($F20="","",IF($F20="订单头","订单头",IF(AND($F20="零件",$J20<>""),IFERROR(SUMIFS($Y$6:$Y$205,$A$6:$A$205,$A20,$I$6:$I$205,$J20)&"."&$Z20,"父组件不存在"),$Y20))) -> 2 | H20: 通用件 | I20: =IF($F20="组件","C"&TEXT(COUNTIFS($A$6:$A20,$A20,$F$6:$F20,"组件"),"000"),"") | J20: =IF($F20="零件",IF($P20<>"","",IF(AND($A20=$A19,$F19="组件"),$I19,IF(AND($A20=$A19,$F19="零件",$J19<>""),$J19,""))),"") | K20: RS1070103 | L20: B5机型物料号-10-01 | M20: 左侧封板 | O20: 1mm | P20: 16 | R20: =IF(OR($F20="",$F20="订单头"),"",IF(AND($F20="零件",$J20<>""),IFERROR(SUMIFS($R$6:$R19,$A$6:$A19,$A20,$I$6:$I19,$J20)*IF($Q20="",1,$Q20),""),IF($P20="","",$P20*IF($Q20="",1,$Q20)))) -> 16 | S20: 件 | T20: 激光切割>折弯 | U20: 百胜样机款 | W20: 旧图 | X20: =IF($F20="","",IF($F20="订单头",0,IF($A20=$A19,$X19,0)+IF(OR($F20="组件",AND($F20="零件",$J20="")),1,0))) -> 2 | Y20: =IF($F20="","",IF($F20="订单头","",IF(AND($F20="零件",$J20<>""),"",$X20))) -> 2 | Z20: =IF(AND($F20="零件",$J20<>""),COUNTIFS($A$6:$A20,$A20,$J$6:$J20,$J20,$F$6:$F20,"零件"),"") | AA20: =IF($F20="","",IF($F20="订单头",$B20,IF($A20=$A19,$AA19,""))) -> RSD-20260601-002 | AB20: =IF($F20="","",IF($F20="订单头",$C20,IF($A20=$A19,$AB19,""))) -> 46174 | AC20: =IF($F20="","",IF($F20="订单头",$D20,IF($A20=$A19,$AC19,""))) -> 合肥荣事达太阳能有限公司 | AD20: =IF($F20="","",IF($F20="订单头",$E20,IF($A20=$A19,$AD19,""))) -> B型5P | AE20: =IF(OR($F20="组件",$F20="零件"),1,0) -> 1
A21: =IF($F21="","",COUNTIF($F$6:$F21,"订单头")) -> 2 | F21: 组件 | G21: =IF($F21="","",IF($F21="订单头","订单头",IF(AND($F21="零件",$J21<>""),IFERROR(SUMIFS($Y$6:$Y$205,$A$6:$A$205,$A21,$I$6:$I$205,$J21)&"."&$Z21,"父组件不存在"),$Y21))) -> 3 | H21: 通用件 | I21: =IF($F21="组件","C"&TEXT(COUNTIFS($A$6:$A21,$A21,$F$6:$F21,"组件"),"000"),"") -> C001 | J21: =IF($F21="零件",IF($P21<>"","",IF(AND($A21=$A20,$F20="组件"),$I20,IF(AND($A21=$A20,$F20="零件",$J20<>""),$J20,""))),"") | K21: RS1071123 | L21: B5机型物料号-10-30 | M21: 风机支架组件 | O21: 2mm | P21: 90 | Q21: 2 | R21: =IF(OR($F21="",$F21="订单头"),"",IF(AND($F21="零件",$J21<>""),IFERROR(SUMIFS($R$6:$R20,$A$6:$A20,$A21,$I$6:$I20,$J21)*IF($Q21="",1,$Q21),""),IF($P21="","",$P21*IF($Q21="",1,$Q21)))) -> 180 | S21: 套 | T21: 装配 | U21: 组件本体 90 套，每套用 2 件 | W21: 旧图 | X21: =IF($F21="","",IF($F21="订单头",0,IF($A21=$A20,$X20,0)+IF(OR($F21="组件",AND($F21="零件",$J21="")),1,0))) -> 3 | Y21: =IF($F21="","",IF($F21="订单头","",IF(AND($F21="零件",$J21<>""),"",$X21))) -> 3 | Z21: =IF(AND($F21="零件",$J21<>""),COUNTIFS($A$6:$A21,$A21,$J$6:$J21,$J21,$F$6:$F21,"零件"),"") | AA21: =IF($F21="","",IF($F21="订单头",$B21,IF($A21=$A20,$AA20,""))) -> RSD-20260601-002 | AB21: =IF($F21="","",IF($F21="订单头",$C21,IF($A21=$A20,$AB20,""))) -> 46174 | AC21: =IF($F21="","",IF($F21="订单头",$D21,IF($A21=$A20,$AC20,""))) -> 合肥荣事达太阳能有限公司 | AD21: =IF($F21="","",IF($F21="订单头",$E21,IF($A21=$A20,$AD20,""))) -> B型5P | AE21: =IF(OR($F21="组件",$F21="零件"),1,0) -> 1
A22: =IF($F22="","",COUNTIF($F$6:$F22,"订单头")) -> 2 | F22: 零件 | G22: =IF($F22="","",IF($F22="订单头","订单头",IF(AND($F22="零件",$J22<>""),IFERROR(SUMIFS($Y$6:$Y$205,$A$6:$A$205,$A22,$I$6:$I$205,$J22)&"."&$Z22,"父组件不存在"),$Y22))) -> 3.1 | H22: 通用件 | I22: =IF($F22="组件","C"&TEXT(COUNTIFS($A$6:$A22,$A22,$F$6:$F22,"组件"),"000"),"") | J22: =IF($F22="零件",IF($P22<>"","",IF(AND($A22=$A21,$F21="组件"),$I21,IF(AND($A22=$A21,$F21="零件",$J21<>""),$J21,""))),"") -> C001 | L22: B5机型物料号-10-30-B | M22: 风机支架折弯件 | O22: 2mm | Q22: 2 | R22: =IF(OR($F22="",$F22="订单头"),"",IF(AND($F22="零件",$J22<>""),IFERROR(SUMIFS($R$6:$R21,$A$6:$A21,$A22,$I$6:$I21,$J22)*IF($Q22="",1,$Q22),""),IF($P22="","",$P22*IF($Q22="",1,$Q22)))) -> 360 | S22: 件 | T22: 激光切割>折弯 | U22: 按父组件需求数量×2 | W22: 旧图 | X22: =IF($F22="","",IF($F22="订单头",0,IF($A22=$A21,$X21,0)+IF(OR($F22="组件",AND($F22="零件",$J22="")),1,0))) -> 3 | Y22: =IF($F22="","",IF($F22="订单头","",IF(AND($F22="零件",$J22<>""),"",$X22))) | Z22: =IF(AND($F22="零件",$J22<>""),COUNTIFS($A$6:$A22,$A22,$J$6:$J22,$J22,$F$6:$F22,"零件"),"") -> 1 | AA22: =IF($F22="","",IF($F22="订单头",$B22,IF($A22=$A21,$AA21,""))) -> RSD-20260601-002 | AB22: =IF($F22="","",IF($F22="订单头",$C22,IF($A22=$A21,$AB21,""))) -> 46174 | AC22: =IF($F22="","",IF($F22="订单头",$D22,IF($A22=$A21,$AC21,""))) -> 合肥荣事达太阳能有限公司 | AD22: =IF($F22="","",IF($F22="订单头",$E22,IF($A22=$A21,$AD21,""))) -> B型5P | AE22: =IF(OR($F22="组件",$F22="零件"),1,0) -> 1
A23: =IF($F23="","",COUNTIF($F$6:$F23,"订单头")) -> 2 | F23: 零件 | G23: =IF($F23="","",IF($F23="订单头","订单头",IF(AND($F23="零件",$J23<>""),IFERROR(SUMIFS($Y$6:$Y$205,$A$6:$A$205,$A23,$I$6:$I$205,$J23)&"."&$Z23,"父组件不存在"),$Y23))) -> 3.2 | H23: 通用件 | I23: =IF($F23="组件","C"&TEXT(COUNTIFS($A$6:$A23,$A23,$F$6:$F23,"组件"),"000"),"") | J23: =IF($F23="零件",IF($P23<>"","",IF(AND($A23=$A22,$F22="组件"),$I22,IF(AND($A23=$A22,$F22="零件",$J22<>""),$J22,""))),"") -> C001 | L23: B5机型物料号-10-30-05 | M23: 机架加强板 | O23: 1mm | Q23: 1 | R23: =IF(OR($F23="",$F23="订单头"),"",IF(AND($F23="零件",$J23<>""),IFERROR(SUMIFS($R$6:$R22,$A$6:$A22,$A23,$I$6:$I22,$J23)*IF($Q23="",1,$Q23),""),IF($P23="","",$P23*IF($Q23="",1,$Q23)))) -> 180 | S23: 件 | T23: 激光切割 | U23: 按父组件需求数量×1 | W23: 旧图 | X23: =IF($F23="","",IF($F23="订单头",0,IF($A23=$A22,$X22,0)+IF(OR($F23="组件",AND($F23="零件",$J23="")),1,0))) -> 3 | Y23: =IF($F23="","",IF($F23="订单头","",IF(AND($F23="零件",$J23<>""),"",$X23))) | Z23: =IF(AND($F23="零件",$J23<>""),COUNTIFS($A$6:$A23,$A23,$J$6:$J23,$J23,$F$6:$F23,"零件"),"") -> 2 | AA23: =IF($F23="","",IF($F23="订单头",$B23,IF($A23=$A22,$AA22,""))) -> RSD-20260601-002 | AB23: =IF($F23="","",IF($F23="订单头",$C23,IF($A23=$A22,$AB22,""))) -> 46174 | AC23: =IF($F23="","",IF($F23="订单头",$D23,IF($A23=$A22,$AC22,""))) -> 合肥荣事达太阳能有限公司 | AD23: =IF($F23="","",IF($F23="订单头",$E23,IF($A23=$A22,$AD22,""))) -> B型5P | AE23: =IF(OR($F23="组件",$F23="零件"),1,0) -> 1
A24: =IF($F24="","",COUNTIF($F$6:$F24,"订单头")) -> 2 | F24: 组件 | G24: =IF($F24="","",IF($F24="订单头","订单头",IF(AND($F24="零件",$J24<>""),IFERROR(SUMIFS($Y$6:$Y$205,$A$6:$A$205,$A24,$I$6:$I$205,$J24)&"."&$Z24,"父组件不存在"),$Y24))) -> 4 | H24: 定制件 | I24: =IF($F24="组件","C"&TEXT(COUNTIFS($A$6:$A24,$A24,$F$6:$F24,"组件"),"000"),"") -> C002 | J24: =IF($F24="零件",IF($P24<>"","",IF(AND($A24=$A23,$F23="组件"),$I23,IF(AND($A24=$A23,$F23="零件",$J23<>""),$J23,""))),"") | K24: RS103 | L24: B5机型物料号-10-00 | M24: 底盘组件（激光割） | O24: 2mm | P24: 16 | Q24: 1 | R24: =IF(OR($F24="",$F24="订单头"),"",IF(AND($F24="零件",$J24<>""),IFERROR(SUMIFS($R$6:$R23,$A$6:$A23,$A24,$I$6:$I23,$J24)*IF($Q24="",1,$Q24),""),IF($P24="","",$P24*IF($Q24="",1,$Q24)))) -> 16 | S24: 套 | T24: 激光切割>焊接>装配 | U24: 点5个电热丝固定卡，割孔，焊螺丝 | V24: 45247 | W24: 旧图 | X24: =IF($F24="","",IF($F24="订单头",0,IF($A24=$A23,$X23,0)+IF(OR($F24="组件",AND($F24="零件",$J24="")),1,0))) -> 4 | Y24: =IF($F24="","",IF($F24="订单头","",IF(AND($F24="零件",$J24<>""),"",$X24))) -> 4 | Z24: =IF(AND($F24="零件",$J24<>""),COUNTIFS($A$6:$A24,$A24,$J$6:$J24,$J24,$F$6:$F24,"零件"),"") | AA24: =IF($F24="","",IF($F24="订单头",$B24,IF($A24=$A23,$AA23,""))) -> RSD-20260601-002 | AB24: =IF($F24="","",IF($F24="订单头",$C24,IF($A24=$A23,$AB23,""))) -> 46174 | AC24: =IF($F24="","",IF($F24="订单头",$D24,IF($A24=$A23,$AC23,""))) -> 合肥荣事达太阳能有限公司 | AD24: =IF($F24="","",IF($F24="订单头",$E24,IF($A24=$A23,$AD23,""))) -> B型5P | AE24: =IF(OR($F24="组件",$F24="零件"),1,0) -> 1
A25: =IF($F25="","",COUNTIF($F$6:$F25,"订单头")) -> 2 | F25: 零件 | G25: =IF($F25="","",IF($F25="订单头","订单头",IF(AND($F25="零件",$J25<>""),IFERROR(SUMIFS($Y$6:$Y$205,$A$6:$A$205,$A25,$I$6:$I$205,$J25)&"."&$Z25,"父组件不存在"),$Y25))) -> 4.1 | H25: 定制件 | I25: =IF($F25="组件","C"&TEXT(COUNTIFS($A$6:$A25,$A25,$F$6:$F25,"组件"),"000"),"") | J25: =IF($F25="零件",IF($P25<>"","",IF(AND($A25=$A24,$F24="组件"),$I24,IF(AND($A25=$A24,$F24="零件",$J24<>""),$J24,""))),"") -> C002 | L25: B5机型物料号-10-00-A | M25: 底盘板 | O25: 2mm | Q25: 2 | R25: =IF(OR($F25="",$F25="订单头"),"",IF(AND($F25="零件",$J25<>""),IFERROR(SUMIFS($R$6:$R24,$A$6:$A24,$A25,$I$6:$I24,$J25)*IF($Q25="",1,$Q25),""),IF($P25="","",$P25*IF($Q25="",1,$Q25)))) -> 32 | S25: 件 | T25: 激光切割 | U25: 按父组件需求数量×2 | W25: 待确认 | X25: =IF($F25="","",IF($F25="订单头",0,IF($A25=$A24,$X24,0)+IF(OR($F25="组件",AND($F25="零件",$J25="")),1,0))) -> 4 | Y25: =IF($F25="","",IF($F25="订单头","",IF(AND($F25="零件",$J25<>""),"",$X25))) | Z25: =IF(AND($F25="零件",$J25<>""),COUNTIFS($A$6:$A25,$A25,$J$6:$J25,$J25,$F$6:$F25,"零件"),"") -> 1 | AA25: =IF($F25="","",IF($F25="订单头",$B25,IF($A25=$A24,$AA24,""))) -> RSD-20260601-002 | AB25: =IF($F25="","",IF($F25="订单头",$C25,IF($A25=$A24,$AB24,""))) -> 46174 | AC25: =IF($F25="","",IF($F25="订单头",$D25,IF($A25=$A24,$AC24,""))) -> 合肥荣事达太阳能有限公司 | AD25: =IF($F25="","",IF($F25="订单头",$E25,IF($A25=$A24,$AD24,""))) -> B型5P | AE25: =IF(OR($F25="组件",$F25="零件"),1,0) -> 1
A26: =IF($F26="","",COUNTIF($F$6:$F26,"订单头")) -> 2 | F26: 零件 | G26: =IF($F26="","",IF($F26="订单头","订单头",IF(AND($F26="零件",$J26<>""),IFERROR(SUMIFS($Y$6:$Y$205,$A$6:$A$205,$A26,$I$6:$I$205,$J26)&"."&$Z26,"父组件不存在"),$Y26))) -> 4.2 | H26: 定制件 | I26: =IF($F26="组件","C"&TEXT(COUNTIFS($A$6:$A26,$A26,$F$6:$F26,"组件"),"000"),"") | J26: =IF($F26="零件",IF($P26<>"","",IF(AND($A26=$A25,$F25="组件"),$I25,IF(AND($A26=$A25,$F25="零件",$J25<>""),$J25,""))),"") -> C002 | L26: B5机型物料号-10-00-B | M26: 底盘加强片 | O26: 1.5mm | Q26: 2 | R26: =IF(OR($F26="",$F26="订单头"),"",IF(AND($F26="零件",$J26<>""),IFERROR(SUMIFS($R$6:$R25,$A$6:$A25,$A26,$I$6:$I25,$J26)*IF($Q26="",1,$Q26),""),IF($P26="","",$P26*IF($Q26="",1,$Q26)))) -> 32 | S26: 件 | T26: 激光切割>折弯 | U26: 按父组件需求数量×2 | W26: 待确认 | X26: =IF($F26="","",IF($F26="订单头",0,IF($A26=$A25,$X25,0)+IF(OR($F26="组件",AND($F26="零件",$J26="")),1,0))) -> 4 | Y26: =IF($F26="","",IF($F26="订单头","",IF(AND($F26="零件",$J26<>""),"",$X26))) | Z26: =IF(AND($F26="零件",$J26<>""),COUNTIFS($A$6:$A26,$A26,$J$6:$J26,$J26,$F$6:$F26,"零件"),"") -> 2 | AA26: =IF($F26="","",IF($F26="订单头",$B26,IF($A26=$A25,$AA25,""))) -> RSD-20260601-002 | AB26: =IF($F26="","",IF($F26="订单头",$C26,IF($A26=$A25,$AB25,""))) -> 46174 | AC26: =IF($F26="","",IF($F26="订单头",$D26,IF($A26=$A25,$AC25,""))) -> 合肥荣事达太阳能有限公司 | AD26: =IF($F26="","",IF($F26="订单头",$E26,IF($A26=$A25,$AD25,""))) -> B型5P | AE26: =IF(OR($F26="组件",$F26="零件"),1,0) -> 1
A27: =IF($F27="","",COUNTIF($F$6:$F27,"订单头")) -> 2 | F27: 零件 | G27: =IF($F27="","",IF($F27="订单头","订单头",IF(AND($F27="零件",$J27<>""),IFERROR(SUMIFS($Y$6:$Y$205,$A$6:$A$205,$A27,$I$6:$I$205,$J27)&"."&$Z27,"父组件不存在"),$Y27))) -> 5 | H27: 外协件 | I27: =IF($F27="组件","C"&TEXT(COUNTIFS($A$6:$A27,$A27,$F$6:$F27,"组件"),"000"),"") | J27: =IF($F27="零件",IF($P27<>"","",IF(AND($A27=$A26,$F26="组件"),$I26,IF(AND($A27=$A26,$F26="零件",$J26<>""),$J26,""))),"") | K27: RS107023 | L27: B5机型物料号-10-04 | M27: 网罩 | P27: 32 | R27: =IF(OR($F27="",$F27="订单头"),"",IF(AND($F27="零件",$J27<>""),IFERROR(SUMIFS($R$6:$R26,$A$6:$A26,$A27,$I$6:$I26,$J27)*IF($Q27="",1,$Q27),""),IF($P27="","",$P27*IF($Q27="",1,$Q27)))) -> 32 | S27: 件 | U27: 钢丝网 | W27: 旧图 | X27: =IF($F27="","",IF($F27="订单头",0,IF($A27=$A26,$X26,0)+IF(OR($F27="组件",AND($F27="零件",$J27="")),1,0))) -> 5 | Y27: =IF($F27="","",IF($F27="订单头","",IF(AND($F27="零件",$J27<>""),"",$X27))) -> 5 | Z27: =IF(AND($F27="零件",$J27<>""),COUNTIFS($A$6:$A27,$A27,$J$6:$J27,$J27,$F$6:$F27,"零件"),"") | AA27: =IF($F27="","",IF($F27="订单头",$B27,IF($A27=$A26,$AA26,""))) -> RSD-20260601-002 | AB27: =IF($F27="","",IF($F27="订单头",$C27,IF($A27=$A26,$AB26,""))) -> 46174 | AC27: =IF($F27="","",IF($F27="订单头",$D27,IF($A27=$A26,$AC26,""))) -> 合肥荣事达太阳能有限公司 | AD27: =IF($F27="","",IF($F27="订单头",$E27,IF($A27=$A26,$AD26,""))) -> B型5P | AE27: =IF(OR($F27="组件",$F27="零件"),1,0) -> 1
A28: =IF($F28="","",COUNTIF($F$6:$F28,"订单头")) | G28: =IF($F28="","",IF($F28="订单头","订单头",IF(AND($F28="零件",$J28<>""),IFERROR(SUMIFS($Y$6:$Y$205,$A$6:$A$205,$A28,$I$6:$I$205,$J28)&"."&$Z28,"父组件不存在"),$Y28))) | I28: =IF($F28="组件","C"&TEXT(COUNTIFS($A$6:$A28,$A28,$F$6:$F28,"组件"),"000"),"") | J28: =IF($F28="零件",IF($P28<>"","",IF(AND($A28=$A27,$F27="组件"),$I27,IF(AND($A28=$A27,$F27="零件",$J27<>""),$J27,""))),"") | R28: =IF(OR($F28="",$F28="订单头"),"",IF(AND($F28="零件",$J28<>""),IFERROR(SUMIFS($R$6:$R27,$A$6:$A27,$A28,$I$6:$I27,$J28)*IF($Q28="",1,$Q28),""),IF($P28="","",$P28*IF($Q28="",1,$Q28)))) | X28: =IF($F28="","",IF($F28="订单头",0,IF($A28=$A27,$X27,0)+IF(OR($F28="组件",AND($F28="零件",$J28="")),1,0))) | Y28: =IF($F28="","",IF($F28="订单头","",IF(AND($F28="零件",$J28<>""),"",$X28))) | Z28: =IF(AND($F28="零件",$J28<>""),COUNTIFS($A$6:$A28,$A28,$J$6:$J28,$J28,$F$6:$F28,"零件"),"") | AA28: =IF($F28="","",IF($F28="订单头",$B28,IF($A28=$A27,$AA27,""))) | AB28: =IF($F28="","",IF($F28="订单头",$C28,IF($A28=$A27,$AB27,""))) | AC28: =IF($F28="","",IF($F28="订单头",$D28,IF($A28=$A27,$AC27,""))) | AD28: =IF($F28="","",IF($F28="订单头",$E28,IF($A28=$A27,$AD27,""))) | AE28: =IF(OR($F28="组件",$F28="零件"),1,0) -> 0
A29: =IF($F29="","",COUNTIF($F$6:$F29,"订单头")) -> 3 | B29: RSD-20260615-003 | C29: 46188 | D29: 合肥荣事达太阳能有限公司 | E29: D型8P | F29: 订单头 | G29: =IF($F29="","",IF($F29="订单头","订单头",IF(AND($F29="零件",$J29<>""),IFERROR(SUMIFS($Y$6:$Y$205,$A$6:$A$205,$A29,$I$6:$I$205,$J29)&"."&$Z29,"父组件不存在"),$Y29))) -> 订单头 | I29: =IF($F29="组件","C"&TEXT(COUNTIFS($A$6:$A29,$A29,$F$6:$F29,"组件"),"000"),"") | J29: =IF($F29="零件",IF($P29<>"","",IF(AND($A29=$A28,$F28="组件"),$I28,IF(AND($A29=$A28,$F28="零件",$J28<>""),$J28,""))),"") | R29: =IF(OR($F29="",$F29="订单头"),"",IF(AND($F29="零件",$J29<>""),IFERROR(SUMIFS($R$6:$R28,$A$6:$A28,$A29,$I$6:$I28,$J29)*IF($Q29="",1,$Q29),""),IF($P29="","",$P29*IF($Q29="",1,$Q29)))) | X29: =IF($F29="","",IF($F29="订单头",0,IF($A29=$A28,$X28,0)+IF(OR($F29="组件",AND($F29="零件",$J29="")),1,0))) -> 0 | Y29: =IF($F29="","",IF($F29="订单头","",IF(AND($F29="零件",$J29<>""),"",$X29))) | Z29: =IF(AND($F29="零件",$J29<>""),COUNTIFS($A$6:$A29,$A29,$J$6:$J29,$J29,$F$6:$F29,"零件"),"") | AA29: =IF($F29="","",IF($F29="订单头",$B29,IF($A29=$A28,$AA28,""))) -> RSD-20260615-003 | AB29: =IF($F29="","",IF($F29="订单头",$C29,IF($A29=$A28,$AB28,""))) -> 46188 | AC29: =IF($F29="","",IF($F29="订单头",$D29,IF($A29=$A28,$AC28,""))) -> 合肥荣事达太阳能有限公司 | AD29: =IF($F29="","",IF($F29="订单头",$E29,IF($A29=$A28,$AD28,""))) -> D型8P | AE29: =IF(OR($F29="组件",$F29="零件"),1,0) -> 0
A30: =IF($F30="","",COUNTIF($F$6:$F30,"订单头")) -> 3 | F30: 零件 | G30: =IF($F30="","",IF($F30="订单头","订单头",IF(AND($F30="零件",$J30<>""),IFERROR(SUMIFS($Y$6:$Y$205,$A$6:$A$205,$A30,$I$6:$I$205,$J30)&"."&$Z30,"父组件不存在"),$Y30))) -> 1 | H30: 通用件 | I30: =IF($F30="组件","C"&TEXT(COUNTIFS($A$6:$A30,$A30,$F$6:$F30,"组件"),"000"),"") | J30: =IF($F30="零件",IF($P30<>"","",IF(AND($A30=$A29,$F29="组件"),$I29,IF(AND($A30=$A29,$F29="零件",$J29<>""),$J29,""))),"") | K30: RS20703010033 | L30: D8-10-50-01 | M30: 顶盖 | O30: 1mm | P30: 8 | R30: =IF(OR($F30="",$F30="订单头"),"",IF(AND($F30="零件",$J30<>""),IFERROR(SUMIFS($R$6:$R29,$A$6:$A29,$A30,$I$6:$I29,$J30)*IF($Q30="",1,$Q30),""),IF($P30="","",$P30*IF($Q30="",1,$Q30)))) -> 8 | S30: 件 | U30: 样机款 | W30: 新图 | X30: =IF($F30="","",IF($F30="订单头",0,IF($A30=$A29,$X29,0)+IF(OR($F30="组件",AND($F30="零件",$J30="")),1,0))) -> 1 | Y30: =IF($F30="","",IF($F30="订单头","",IF(AND($F30="零件",$J30<>""),"",$X30))) -> 1 | Z30: =IF(AND($F30="零件",$J30<>""),COUNTIFS($A$6:$A30,$A30,$J$6:$J30,$J30,$F$6:$F30,"零件"),"") | AA30: =IF($F30="","",IF($F30="订单头",$B30,IF($A30=$A29,$AA29,""))) -> RSD-20260615-003 | AB30: =IF($F30="","",IF($F30="订单头",$C30,IF($A30=$A29,$AB29,""))) -> 46188 | AC30: =IF($F30="","",IF($F30="订单头",$D30,IF($A30=$A29,$AC29,""))) -> 合肥荣事达太阳能有限公司 | AD30: =IF($F30="","",IF($F30="订单头",$E30,IF($A30=$A29,$AD29,""))) -> D型8P | AE30: =IF(OR($F30="组件",$F30="零件"),1,0) -> 1
A31: =IF($F31="","",COUNTIF($F$6:$F31,"订单头")) -> 3 | F31: 组件 | G31: =IF($F31="","",IF($F31="订单头","订单头",IF(AND($F31="零件",$J31<>""),IFERROR(SUMIFS($Y$6:$Y$205,$A$6:$A$205,$A31,$I$6:$I$205,$J31)&"."&$Z31,"父组件不存在"),$Y31))) -> 2 | H31: 通用件 | I31: =IF($F31="组件","C"&TEXT(COUNTIFS($A$6:$A31,$A31,$F$6:$F31,"组件"),"000"),"") -> C001 | J31: =IF($F31="零件",IF($P31<>"","",IF(AND($A31=$A30,$F30="组件"),$I30,IF(AND($A31=$A30,$F30="零件",$J30<>""),$J30,""))),"") | K31: RS20701020216 | L31: D8-10-30 | M31: 电控支架组件 | O31: 2mm | P31: 8 | Q31: 1 | R31: =IF(OR($F31="",$F31="订单头"),"",IF(AND($F31="零件",$J31<>""),IFERROR(SUMIFS($R$6:$R30,$A$6:$A30,$A31,$I$6:$I30,$J31)*IF($Q31="",1,$Q31),""),IF($P31="","",$P31*IF($Q31="",1,$Q31)))) -> 8 | S31: 套 | T31: 装配 | U31: 螺丝组装 | V31: 46188 | W31: 新图 | X31: =IF($F31="","",IF($F31="订单头",0,IF($A31=$A30,$X30,0)+IF(OR($F31="组件",AND($F31="零件",$J31="")),1,0))) -> 2 | Y31: =IF($F31="","",IF($F31="订单头","",IF(AND($F31="零件",$J31<>""),"",$X31))) -> 2 | Z31: =IF(AND($F31="零件",$J31<>""),COUNTIFS($A$6:$A31,$A31,$J$6:$J31,$J31,$F$6:$F31,"零件"),"") | AA31: =IF($F31="","",IF($F31="订单头",$B31,IF($A31=$A30,$AA30,""))) -> RSD-20260615-003 | AB31: =IF($F31="","",IF($F31="订单头",$C31,IF($A31=$A30,$AB30,""))) -> 46188 | AC31: =IF($F31="","",IF($F31="订单头",$D31,IF($A31=$A30,$AC30,""))) -> 合肥荣事达太阳能有限公司 | AD31: =IF($F31="","",IF($F31="订单头",$E31,IF($A31=$A30,$AD30,""))) -> D型8P | AE31: =IF(OR($F31="组件",$F31="零件"),1,0) -> 1
A32: =IF($F32="","",COUNTIF($F$6:$F32,"订单头")) -> 3 | F32: 零件 | G32: =IF($F32="","",IF($F32="订单头","订单头",IF(AND($F32="零件",$J32<>""),IFERROR(SUMIFS($Y$6:$Y$205,$A$6:$A$205,$A32,$I$6:$I$205,$J32)&"."&$Z32,"父组件不存在"),$Y32))) -> 2.1 | H32: 通用件 | I32: =IF($F32="组件","C"&TEXT(COUNTIFS($A$6:$A32,$A32,$F$6:$F32,"组件"),"000"),"") | J32: =IF($F32="零件",IF($P32<>"","",IF(AND($A32=$A31,$F31="组件"),$I31,IF(AND($A32=$A31,$F31="零件",$J31<>""),$J31,""))),"") -> C001 | L32: D8-10-30-A | M32: 支架主板 | O32: 2mm | Q32: 1 | R32: =IF(OR($F32="",$F32="订单头"),"",IF(AND($F32="零件",$J32<>""),IFERROR(SUMIFS($R$6:$R31,$A$6:$A31,$A32,$I$6:$I31,$J32)*IF($Q32="",1,$Q32),""),IF($P32="","",$P32*IF($Q32="",1,$Q32)))) -> 8 | S32: 件 | T32: 激光切割>折弯 | U32: 组件 C001 的子件 | V32: 46188 | W32: 新图 | X32: =IF($F32="","",IF($F32="订单头",0,IF($A32=$A31,$X31,0)+IF(OR($F32="组件",AND($F32="零件",$J32="")),1,0))) -> 2 | Y32: =IF($F32="","",IF($F32="订单头","",IF(AND($F32="零件",$J32<>""),"",$X32))) | Z32: =IF(AND($F32="零件",$J32<>""),COUNTIFS($A$6:$A32,$A32,$J$6:$J32,$J32,$F$6:$F32,"零件"),"") -> 1 | AA32: =IF($F32="","",IF($F32="订单头",$B32,IF($A32=$A31,$AA31,""))) -> RSD-20260615-003 | AB32: =IF($F32="","",IF($F32="订单头",$C32,IF($A32=$A31,$AB31,""))) -> 46188 | AC32: =IF($F32="","",IF($F32="订单头",$D32,IF($A32=$A31,$AC31,""))) -> 合肥荣事达太阳能有限公司 | AD32: =IF($F32="","",IF($F32="订单头",$E32,IF($A32=$A31,$AD31,""))) -> D型8P | AE32: =IF(OR($F32="组件",$F32="零件"),1,0) -> 1
A33: =IF($F33="","",COUNTIF($F$6:$F33,"订单头")) -> 3 | F33: 零件 | G33: =IF($F33="","",IF($F33="订单头","订单头",IF(AND($F33="零件",$J33<>""),IFERROR(SUMIFS($Y$6:$Y$205,$A$6:$A$205,$A33,$I$6:$I$205,$J33)&"."&$Z33,"父组件不存在"),$Y33))) -> 2.2 | H33: 通用件 | I33: =IF($F33="组件","C"&TEXT(COUNTIFS($A$6:$A33,$A33,$F$6:$F33,"组件"),"000"),"") | J33: =IF($F33="零件",IF($P33<>"","",IF(AND($A33=$A32,$F32="组件"),$I32,IF(AND($A33=$A32,$F32="零件",$J32<>""),$J32,""))),"") -> C001 | L33: D8-10-30-B | M33: 支架加强片 | O33: 1.5mm | Q33: 2 | R33: =IF(OR($F33="",$F33="订单头"),"",IF(AND($F33="零件",$J33<>""),IFERROR(SUMIFS($R$6:$R32,$A$6:$A32,$A33,$I$6:$I32,$J33)*IF($Q33="",1,$Q33),""),IF($P33="","",$P33*IF($Q33="",1,$Q33)))) -> 16 | S33: 件 | T33: 激光切割 | U33: 每套组件 2 件 | V33: 46188 | W33: 新图 | X33: =IF($F33="","",IF($F33="订单头",0,IF($A33=$A32,$X32,0)+IF(OR($F33="组件",AND($F33="零件",$J33="")),1,0))) -> 2 | Y33: =IF($F33="","",IF($F33="订单头","",IF(AND($F33="零件",$J33<>""),"",$X33))) | Z33: =IF(AND($F33="零件",$J33<>""),COUNTIFS($A$6:$A33,$A33,$J$6:$J33,$J33,$F$6:$F33,"零件"),"") -> 2 | AA33: =IF($F33="","",IF($F33="订单头",$B33,IF($A33=$A32,$AA32,""))) -> RSD-20260615-003 | AB33: =IF($F33="","",IF($F33="订单头",$C33,IF($A33=$A32,$AB32,""))) -> 46188 | AC33: =IF($F33="","",IF($F33="订单头",$D33,IF($A33=$A32,$AC32,""))) -> 合肥荣事达太阳能有限公司 | AD33: =IF($F33="","",IF($F33="订单头",$E33,IF($A33=$A32,$AD32,""))) -> D型8P | AE33: =IF(OR($F33="组件",$F33="零件"),1,0) -> 1
A34: =IF($F34="","",COUNTIF($F$6:$F34,"订单头")) -> 3 | F34: 零件 | G34: =IF($F34="","",IF($F34="订单头","订单头",IF(AND($F34="零件",$J34<>""),IFERROR(SUMIFS($Y$6:$Y$205,$A$6:$A$205,$A34,$I$6:$I$205,$J34)&"."&$Z34,"父组件不存在"),$Y34))) -> 3 | H34: 外协件 | I34: =IF($F34="组件","C"&TEXT(COUNTIFS($A$6:$A34,$A34,$F$6:$F34,"组件"),"000"),"") | J34: =IF($F34="零件",IF($P34<>"","",IF(AND($A34=$A33,$F33="组件"),$I33,IF(AND($A34=$A33,$F33="零件",$J33<>""),$J33,""))),"") | K34: RS20707010049 | L34: D8-10-04 | M34: 网罩 | P34: 8 | R34: =IF(OR($F34="",$F34="订单头"),"",IF(AND($F34="零件",$J34<>""),IFERROR(SUMIFS($R$6:$R33,$A$6:$A33,$A34,$I$6:$I33,$J34)*IF($Q34="",1,$Q34),""),IF($P34="","",$P34*IF($Q34="",1,$Q34)))) -> 8 | S34: 件 | U34: 黑色 | W34: 待确认 | X34: =IF($F34="","",IF($F34="订单头",0,IF($A34=$A33,$X33,0)+IF(OR($F34="组件",AND($F34="零件",$J34="")),1,0))) -> 3 | Y34: =IF($F34="","",IF($F34="订单头","",IF(AND($F34="零件",$J34<>""),"",$X34))) -> 3 | Z34: =IF(AND($F34="零件",$J34<>""),COUNTIFS($A$6:$A34,$A34,$J$6:$J34,$J34,$F$6:$F34,"零件"),"") | AA34: =IF($F34="","",IF($F34="订单头",$B34,IF($A34=$A33,$AA33,""))) -> RSD-20260615-003 | AB34: =IF($F34="","",IF($F34="订单头",$C34,IF($A34=$A33,$AB33,""))) -> 46188 | AC34: =IF($F34="","",IF($F34="订单头",$D34,IF($A34=$A33,$AC33,""))) -> 合肥荣事达太阳能有限公司 | AD34: =IF($F34="","",IF($F34="订单头",$E34,IF($A34=$A33,$AD33,""))) -> D型8P | AE34: =IF(OR($F34="组件",$F34="零件"),1,0) -> 1
A35: =IF($F35="","",COUNTIF($F$6:$F35,"订单头")) | G35: =IF($F35="","",IF($F35="订单头","订单头",IF(AND($F35="零件",$J35<>""),IFERROR(SUMIFS($Y$6:$Y$205,$A$6:$A$205,$A35,$I$6:$I$205,$J35)&"."&$Z35,"父组件不存在"),$Y35))) | I35: =IF($F35="组件","C"&TEXT(COUNTIFS($A$6:$A35,$A35,$F$6:$F35,"组件"),"000"),"") | J35: =IF($F35="零件",IF($P35<>"","",IF(AND($A35=$A34,$F34="组件"),$I34,IF(AND($A35=$A34,$F34="零件",$J34<>""),$J34,""))),"") | R35: =IF(OR($F35="",$F35="订单头"),"",IF(AND($F35="零件",$J35<>""),IFERROR(SUMIFS($R$6:$R34,$A$6:$A34,$A35,$I$6:$I34,$J35)*IF($Q35="",1,$Q35),""),IF($P35="","",$P35*IF($Q35="",1,$Q35)))) | X35: =IF($F35="","",IF($F35="订单头",0,IF($A35=$A34,$X34,0)+IF(OR($F35="组件",AND($F35="零件",$J35="")),1,0))) | Y35: =IF($F35="","",IF($F35="订单头","",IF(AND($F35="零件",$J35<>""),"",$X35))) | Z35: =IF(AND($F35="零件",$J35<>""),COUNTIFS($A$6:$A35,$A35,$J$6:$J35,$J35,$F$6:$F35,"零件"),"") | AA35: =IF($F35="","",IF($F35="订单头",$B35,IF($A35=$A34,$AA34,""))) | AB35: =IF($F35="","",IF($F35="订单头",$C35,IF($A35=$A34,$AB34,""))) | AC35: =IF($F35="","",IF($F35="订单头",$D35,IF($A35=$A34,$AC34,""))) | AD35: =IF($F35="","",IF($F35="订单头",$E35,IF($A35=$A34,$AD34,""))) | AE35: =IF(OR($F35="组件",$F35="零件"),1,0) -> 0
A36: =IF($F36="","",COUNTIF($F$6:$F36,"订单头")) | G36: =IF($F36="","",IF($F36="订单头","订单头",IF(AND($F36="零件",$J36<>""),IFERROR(SUMIFS($Y$6:$Y$205,$A$6:$A$205,$A36,$I$6:$I$205,$J36)&"."&$Z36,"父组件不存在"),$Y36))) | I36: =IF($F36="组件","C"&TEXT(COUNTIFS($A$6:$A36,$A36,$F$6:$F36,"组件"),"000"),"") | J36: =IF($F36="零件",IF($P36<>"","",IF(AND($A36=$A35,$F35="组件"),$I35,IF(AND($A36=$A35,$F35="零件",$J35<>""),$J35,""))),"") | R36: =IF(OR($F36="",$F36="订单头"),"",IF(AND($F36="零件",$J36<>""),IFERROR(SUMIFS($R$6:$R35,$A$6:$A35,$A36,$I$6:$I35,$J36)*IF($Q36="",1,$Q36),""),IF($P36="","",$P36*IF($Q36="",1,$Q36)))) | X36: =IF($F36="","",IF($F36="订单头",0,IF($A36=$A35,$X35,0)+IF(OR($F36="组件",AND($F36="零件",$J36="")),1,0))) | Y36: =IF($F36="","",IF($F36="订单头","",IF(AND($F36="零件",$J36<>""),"",$X36))) | Z36: =IF(AND($F36="零件",$J36<>""),COUNTIFS($A$6:$A36,$A36,$J$6:$J36,$J36,$F$6:$F36,"零件"),"") | AA36: =IF($F36="","",IF($F36="订单头",$B36,IF($A36=$A35,$AA35,""))) | AB36: =IF($F36="","",IF($F36="订单头",$C36,IF($A36=$A35,$AB35,""))) | AC36: =IF($F36="","",IF($F36="订单头",$D36,IF($A36=$A35,$AC35,""))) | AD36: =IF($F36="","",IF($F36="订单头",$E36,IF($A36=$A35,$AD35,""))) | AE36: =IF(OR($F36="组件",$F36="零件"),1,0) -> 0
A37: =IF($F37="","",COUNTIF($F$6:$F37,"订单头")) | G37: =IF($F37="","",IF($F37="订单头","订单头",IF(AND($F37="零件",$J37<>""),IFERROR(SUMIFS($Y$6:$Y$205,$A$6:$A$205,$A37,$I$6:$I$205,$J37)&"."&$Z37,"父组件不存在"),$Y37))) | I37: =IF($F37="组件","C"&TEXT(COUNTIFS($A$6:$A37,$A37,$F$6:$F37,"组件"),"000"),"") | J37: =IF($F37="零件",IF($P37<>"","",IF(AND($A37=$A36,$F36="组件"),$I36,IF(AND($A37=$A36,$F36="零件",$J36<>""),$J36,""))),"") | R37: =IF(OR($F37="",$F37="订单头"),"",IF(AND($F37="零件",$J37<>""),IFERROR(SUMIFS($R$6:$R36,$A$6:$A36,$A37,$I$6:$I36,$J37)*IF($Q37="",1,$Q37),""),IF($P37="","",$P37*IF($Q37="",1,$Q37)))) | X37: =IF($F37="","",IF($F37="订单头",0,IF($A37=$A36,$X36,0)+IF(OR($F37="组件",AND($F37="零件",$J37="")),1,0))) | Y37: =IF($F37="","",IF($F37="订单头","",IF(AND($F37="零件",$J37<>""),"",$X37))) | Z37: =IF(AND($F37="零件",$J37<>""),COUNTIFS($A$6:$A37,$A37,$J$6:$J37,$J37,$F$6:$F37,"零件"),"") | AA37: =IF($F37="","",IF($F37="订单头",$B37,IF($A37=$A36,$AA36,""))) | AB37: =IF($F37="","",IF($F37="订单头",$C37,IF($A37=$A36,$AB36,""))) | AC37: =IF($F37="","",IF($F37="订单头",$D37,IF($A37=$A36,$AC36,""))) | AD37: =IF($F37="","",IF($F37="订单头",$E37,IF($A37=$A36,$AD36,""))) | AE37: =IF(OR($F37="组件",$F37="零件"),1,0) -> 0
A38: =IF($F38="","",COUNTIF($F$6:$F38,"订单头")) | G38: =IF($F38="","",IF($F38="订单头","订单头",IF(AND($F38="零件",$J38<>""),IFERROR(SUMIFS($Y$6:$Y$205,$A$6:$A$205,$A38,$I$6:$I$205,$J38)&"."&$Z38,"父组件不存在"),$Y38))) | I38: =IF($F38="组件","C"&TEXT(COUNTIFS($A$6:$A38,$A38,$F$6:$F38,"组件"),"000"),"") | J38: =IF($F38="零件",IF($P38<>"","",IF(AND($A38=$A37,$F37="组件"),$I37,IF(AND($A38=$A37,$F37="零件",$J37<>""),$J37,""))),"") | R38: =IF(OR($F38="",$F38="订单头"),"",IF(AND($F38="零件",$J38<>""),IFERROR(SUMIFS($R$6:$R37,$A$6:$A37,$A38,$I$6:$I37,$J38)*IF($Q38="",1,$Q38),""),IF($P38="","",$P38*IF($Q38="",1,$Q38)))) | X38: =IF($F38="","",IF($F38="订单头",0,IF($A38=$A37,$X37,0)+IF(OR($F38="组件",AND($F38="零件",$J38="")),1,0))) | Y38: =IF($F38="","",IF($F38="订单头","",IF(AND($F38="零件",$J38<>""),"",$X38))) | Z38: =IF(AND($F38="零件",$J38<>""),COUNTIFS($A$6:$A38,$A38,$J$6:$J38,$J38,$F$6:$F38,"零件"),"") | AA38: =IF($F38="","",IF($F38="订单头",$B38,IF($A38=$A37,$AA37,""))) | AB38: =IF($F38="","",IF($F38="订单头",$C38,IF($A38=$A37,$AB37,""))) | AC38: =IF($F38="","",IF($F38="订单头",$D38,IF($A38=$A37,$AC37,""))) | AD38: =IF($F38="","",IF($F38="订单头",$E38,IF($A38=$A37,$AD37,""))) | AE38: =IF(OR($F38="组件",$F38="零件"),1,0) -> 0
A39: =IF($F39="","",COUNTIF($F$6:$F39,"订单头")) | G39: =IF($F39="","",IF($F39="订单头","订单头",IF(AND($F39="零件",$J39<>""),IFERROR(SUMIFS($Y$6:$Y$205,$A$6:$A$205,$A39,$I$6:$I$205,$J39)&"."&$Z39,"父组件不存在"),$Y39))) | I39: =IF($F39="组件","C"&TEXT(COUNTIFS($A$6:$A39,$A39,$F$6:$F39,"组件"),"000"),"") | J39: =IF($F39="零件",IF($P39<>"","",IF(AND($A39=$A38,$F38="组件"),$I38,IF(AND($A39=$A38,$F38="零件",$J38<>""),$J38,""))),"") | R39: =IF(OR($F39="",$F39="订单头"),"",IF(AND($F39="零件",$J39<>""),IFERROR(SUMIFS($R$6:$R38,$A$6:$A38,$A39,$I$6:$I38,$J39)*IF($Q39="",1,$Q39),""),IF($P39="","",$P39*IF($Q39="",1,$Q39)))) | X39: =IF($F39="","",IF($F39="订单头",0,IF($A39=$A38,$X38,0)+IF(OR($F39="组件",AND($F39="零件",$J39="")),1,0))) | Y39: =IF($F39="","",IF($F39="订单头","",IF(AND($F39="零件",$J39<>""),"",$X39))) | Z39: =IF(AND($F39="零件",$J39<>""),COUNTIFS($A$6:$A39,$A39,$J$6:$J39,$J39,$F$6:$F39,"零件"),"") | AA39: =IF($F39="","",IF($F39="订单头",$B39,IF($A39=$A38,$AA38,""))) | AB39: =IF($F39="","",IF($F39="订单头",$C39,IF($A39=$A38,$AB38,""))) | AC39: =IF($F39="","",IF($F39="订单头",$D39,IF($A39=$A38,$AC38,""))) | AD39: =IF($F39="","",IF($F39="订单头",$E39,IF($A39=$A38,$AD38,""))) | AE39: =IF(OR($F39="组件",$F39="零件"),1,0) -> 0
A40: =IF($F40="","",COUNTIF($F$6:$F40,"订单头")) | G40: =IF($F40="","",IF($F40="订单头","订单头",IF(AND($F40="零件",$J40<>""),IFERROR(SUMIFS($Y$6:$Y$205,$A$6:$A$205,$A40,$I$6:$I$205,$J40)&"."&$Z40,"父组件不存在"),$Y40))) | I40: =IF($F40="组件","C"&TEXT(COUNTIFS($A$6:$A40,$A40,$F$6:$F40,"组件"),"000"),"") | J40: =IF($F40="零件",IF($P40<>"","",IF(AND($A40=$A39,$F39="组件"),$I39,IF(AND($A40=$A39,$F39="零件",$J39<>""),$J39,""))),"") | R40: =IF(OR($F40="",$F40="订单头"),"",IF(AND($F40="零件",$J40<>""),IFERROR(SUMIFS($R$6:$R39,$A$6:$A39,$A40,$I$6:$I39,$J40)*IF($Q40="",1,$Q40),""),IF($P40="","",$P40*IF($Q40="",1,$Q40)))) | X40: =IF($F40="","",IF($F40="订单头",0,IF($A40=$A39,$X39,0)+IF(OR($F40="组件",AND($F40="零件",$J40="")),1,0))) | Y40: =IF($F40="","",IF($F40="订单头","",IF(AND($F40="零件",$J40<>""),"",$X40))) | Z40: =IF(AND($F40="零件",$J40<>""),COUNTIFS($A$6:$A40,$A40,$J$6:$J40,$J40,$F$6:$F40,"零件"),"") | AA40: =IF($F40="","",IF($F40="订单头",$B40,IF($A40=$A39,$AA39,""))) | AB40: =IF($F40="","",IF($F40="订单头",$C40,IF($A40=$A39,$AB39,""))) | AC40: =IF($F40="","",IF($F40="订单头",$D40,IF($A40=$A39,$AC39,""))) | AD40: =IF($F40="","",IF($F40="订单头",$E40,IF($A40=$A39,$AD39,""))) | AE40: =IF(OR($F40="组件",$F40="零件"),1,0) -> 0
A41: =IF($F41="","",COUNTIF($F$6:$F41,"订单头")) | G41: =IF($F41="","",IF($F41="订单头","订单头",IF(AND($F41="零件",$J41<>""),IFERROR(SUMIFS($Y$6:$Y$205,$A$6:$A$205,$A41,$I$6:$I$205,$J41)&"."&$Z41,"父组件不存在"),$Y41))) | I41: =IF($F41="组件","C"&TEXT(COUNTIFS($A$6:$A41,$A41,$F$6:$F41,"组件"),"000"),"") | J41: =IF($F41="零件",IF($P41<>"","",IF(AND($A41=$A40,$F40="组件"),$I40,IF(AND($A41=$A40,$F40="零件",$J40<>""),$J40,""))),"") | R41: =IF(OR($F41="",$F41="订单头"),"",IF(AND($F41="零件",$J41<>""),IFERROR(SUMIFS($R$6:$R40,$A$6:$A40,$A41,$I$6:$I40,$J41)*IF($Q41="",1,$Q41),""),IF($P41="","",$P41*IF($Q41="",1,$Q41)))) | X41: =IF($F41="","",IF($F41="订单头",0,IF($A41=$A40,$X40,0)+IF(OR($F41="组件",AND($F41="零件",$J41="")),1,0))) | Y41: =IF($F41="","",IF($F41="订单头","",IF(AND($F41="零件",$J41<>""),"",$X41))) | Z41: =IF(AND($F41="零件",$J41<>""),COUNTIFS($A$6:$A41,$A41,$J$6:$J41,$J41,$F$6:$F41,"零件"),"") | AA41: =IF($F41="","",IF($F41="订单头",$B41,IF($A41=$A40,$AA40,""))) | AB41: =IF($F41="","",IF($F41="订单头",$C41,IF($A41=$A40,$AB40,""))) | AC41: =IF($F41="","",IF($F41="订单头",$D41,IF($A41=$A40,$AC40,""))) | AD41: =IF($F41="","",IF($F41="订单头",$E41,IF($A41=$A40,$AD40,""))) | AE41: =IF(OR($F41="组件",$F41="零件"),1,0) -> 0
A42: =IF($F42="","",COUNTIF($F$6:$F42,"订单头")) | G42: =IF($F42="","",IF($F42="订单头","订单头",IF(AND($F42="零件",$J42<>""),IFERROR(SUMIFS($Y$6:$Y$205,$A$6:$A$205,$A42,$I$6:$I$205,$J42)&"."&$Z42,"父组件不存在"),$Y42))) | I42: =IF($F42="组件","C"&TEXT(COUNTIFS($A$6:$A42,$A42,$F$6:$F42,"组件"),"000"),"") | J42: =IF($F42="零件",IF($P42<>"","",IF(AND($A42=$A41,$F41="组件"),$I41,IF(AND($A42=$A41,$F41="零件",$J41<>""),$J41,""))),"") | R42: =IF(OR($F42="",$F42="订单头"),"",IF(AND($F42="零件",$J42<>""),IFERROR(SUMIFS($R$6:$R41,$A$6:$A41,$A42,$I$6:$I41,$J42)*IF($Q42="",1,$Q42),""),IF($P42="","",$P42*IF($Q42="",1,$Q42)))) | X42: =IF($F42="","",IF($F42="订单头",0,IF($A42=$A41,$X41,0)+IF(OR($F42="组件",AND($F42="零件",$J42="")),1,0))) | Y42: =IF($F42="","",IF($F42="订单头","",IF(AND($F42="零件",$J42<>""),"",$X42))) | Z42: =IF(AND($F42="零件",$J42<>""),COUNTIFS($A$6:$A42,$A42,$J$6:$J42,$J42,$F$6:$F42,"零件"),"") | AA42: =IF($F42="","",IF($F42="订单头",$B42,IF($A42=$A41,$AA41,""))) | AB42: =IF($F42="","",IF($F42="订单头",$C42,IF($A42=$A41,$AB41,""))) | AC42: =IF($F42="","",IF($F42="订单头",$D42,IF($A42=$A41,$AC41,""))) | AD42: =IF($F42="","",IF($F42="订单头",$E42,IF($A42=$A41,$AD41,""))) | AE42: =IF(OR($F42="组件",$F42="零件"),1,0) -> 0
A43: =IF($F43="","",COUNTIF($F$6:$F43,"订单头")) | G43: =IF($F43="","",IF($F43="订单头","订单头",IF(AND($F43="零件",$J43<>""),IFERROR(SUMIFS($Y$6:$Y$205,$A$6:$A$205,$A43,$I$6:$I$205,$J43)&"."&$Z43,"父组件不存在"),$Y43))) | I43: =IF($F43="组件","C"&TEXT(COUNTIFS($A$6:$A43,$A43,$F$6:$F43,"组件"),"000"),"") | J43: =IF($F43="零件",IF($P43<>"","",IF(AND($A43=$A42,$F42="组件"),$I42,IF(AND($A43=$A42,$F42="零件",$J42<>""),$J42,""))),"") | R43: =IF(OR($F43="",$F43="订单头"),"",IF(AND($F43="零件",$J43<>""),IFERROR(SUMIFS($R$6:$R42,$A$6:$A42,$A43,$I$6:$I42,$J43)*IF($Q43="",1,$Q43),""),IF($P43="","",$P43*IF($Q43="",1,$Q43)))) | X43: =IF($F43="","",IF($F43="订单头",0,IF($A43=$A42,$X42,0)+IF(OR($F43="组件",AND($F43="零件",$J43="")),1,0))) | Y43: =IF($F43="","",IF($F43="订单头","",IF(AND($F43="零件",$J43<>""),"",$X43))) | Z43: =IF(AND($F43="零件",$J43<>""),COUNTIFS($A$6:$A43,$A43,$J$6:$J43,$J43,$F$6:$F43,"零件"),"") | AA43: =IF($F43="","",IF($F43="订单头",$B43,IF($A43=$A42,$AA42,""))) | AB43: =IF($F43="","",IF($F43="订单头",$C43,IF($A43=$A42,$AB42,""))) | AC43: =IF($F43="","",IF($F43="订单头",$D43,IF($A43=$A42,$AC42,""))) | AD43: =IF($F43="","",IF($F43="订单头",$E43,IF($A43=$A42,$AD42,""))) | AE43: =IF(OR($F43="组件",$F43="零件"),1,0) -> 0
A44: =IF($F44="","",COUNTIF($F$6:$F44,"订单头")) | G44: =IF($F44="","",IF($F44="订单头","订单头",IF(AND($F44="零件",$J44<>""),IFERROR(SUMIFS($Y$6:$Y$205,$A$6:$A$205,$A44,$I$6:$I$205,$J44)&"."&$Z44,"父组件不存在"),$Y44))) | I44: =IF($F44="组件","C"&TEXT(COUNTIFS($A$6:$A44,$A44,$F$6:$F44,"组件"),"000"),"") | J44: =IF($F44="零件",IF($P44<>"","",IF(AND($A44=$A43,$F43="组件"),$I43,IF(AND($A44=$A43,$F43="零件",$J43<>""),$J43,""))),"") | R44: =IF(OR($F44="",$F44="订单头"),"",IF(AND($F44="零件",$J44<>""),IFERROR(SUMIFS($R$6:$R43,$A$6:$A43,$A44,$I$6:$I43,$J44)*IF($Q44="",1,$Q44),""),IF($P44="","",$P44*IF($Q44="",1,$Q44)))) | X44: =IF($F44="","",IF($F44="订单头",0,IF($A44=$A43,$X43,0)+IF(OR($F44="组件",AND($F44="零件",$J44="")),1,0))) | Y44: =IF($F44="","",IF($F44="订单头","",IF(AND($F44="零件",$J44<>""),"",$X44))) | Z44: =IF(AND($F44="零件",$J44<>""),COUNTIFS($A$6:$A44,$A44,$J$6:$J44,$J44,$F$6:$F44,"零件"),"") | AA44: =IF($F44="","",IF($F44="订单头",$B44,IF($A44=$A43,$AA43,""))) | AB44: =IF($F44="","",IF($F44="订单头",$C44,IF($A44=$A43,$AB43,""))) | AC44: =IF($F44="","",IF($F44="订单头",$D44,IF($A44=$A43,$AC43,""))) | AD44: =IF($F44="","",IF($F44="订单头",$E44,IF($A44=$A43,$AD43,""))) | AE44: =IF(OR($F44="组件",$F44="零件"),1,0) -> 0
A45: =IF($F45="","",COUNTIF($F$6:$F45,"订单头")) | G45: =IF($F45="","",IF($F45="订单头","订单头",IF(AND($F45="零件",$J45<>""),IFERROR(SUMIFS($Y$6:$Y$205,$A$6:$A$205,$A45,$I$6:$I$205,$J45)&"."&$Z45,"父组件不存在"),$Y45))) | I45: =IF($F45="组件","C"&TEXT(COUNTIFS($A$6:$A45,$A45,$F$6:$F45,"组件"),"000"),"") | J45: =IF($F45="零件",IF($P45<>"","",IF(AND($A45=$A44,$F44="组件"),$I44,IF(AND($A45=$A44,$F44="零件",$J44<>""),$J44,""))),"") | R45: =IF(OR($F45="",$F45="订单头"),"",IF(AND($F45="零件",$J45<>""),IFERROR(SUMIFS($R$6:$R44,$A$6:$A44,$A45,$I$6:$I44,$J45)*IF($Q45="",1,$Q45),""),IF($P45="","",$P45*IF($Q45="",1,$Q45)))) | X45: =IF($F45="","",IF($F45="订单头",0,IF($A45=$A44,$X44,0)+IF(OR($F45="组件",AND($F45="零件",$J45="")),1,0))) | Y45: =IF($F45="","",IF($F45="订单头","",IF(AND($F45="零件",$J45<>""),"",$X45))) | Z45: =IF(AND($F45="零件",$J45<>""),COUNTIFS($A$6:$A45,$A45,$J$6:$J45,$J45,$F$6:$F45,"零件"),"") | AA45: =IF($F45="","",IF($F45="订单头",$B45,IF($A45=$A44,$AA44,""))) | AB45: =IF($F45="","",IF($F45="订单头",$C45,IF($A45=$A44,$AB44,""))) | AC45: =IF($F45="","",IF($F45="订单头",$D45,IF($A45=$A44,$AC44,""))) | AD45: =IF($F45="","",IF($F45="订单头",$E45,IF($A45=$A44,$AD44,""))) | AE45: =IF(OR($F45="组件",$F45="零件"),1,0) -> 0
A46: =IF($F46="","",COUNTIF($F$6:$F46,"订单头")) | G46: =IF($F46="","",IF($F46="订单头","订单头",IF(AND($F46="零件",$J46<>""),IFERROR(SUMIFS($Y$6:$Y$205,$A$6:$A$205,$A46,$I$6:$I$205,$J46)&"."&$Z46,"父组件不存在"),$Y46))) | I46: =IF($F46="组件","C"&TEXT(COUNTIFS($A$6:$A46,$A46,$F$6:$F46,"组件"),"000"),"") | J46: =IF($F46="零件",IF($P46<>"","",IF(AND($A46=$A45,$F45="组件"),$I45,IF(AND($A46=$A45,$F45="零件",$J45<>""),$J45,""))),"") | R46: =IF(OR($F46="",$F46="订单头"),"",IF(AND($F46="零件",$J46<>""),IFERROR(SUMIFS($R$6:$R45,$A$6:$A45,$A46,$I$6:$I45,$J46)*IF($Q46="",1,$Q46),""),IF($P46="","",$P46*IF($Q46="",1,$Q46)))) | X46: =IF($F46="","",IF($F46="订单头",0,IF($A46=$A45,$X45,0)+IF(OR($F46="组件",AND($F46="零件",$J46="")),1,0))) | Y46: =IF($F46="","",IF($F46="订单头","",IF(AND($F46="零件",$J46<>""),"",$X46))) | Z46: =IF(AND($F46="零件",$J46<>""),COUNTIFS($A$6:$A46,$A46,$J$6:$J46,$J46,$F$6:$F46,"零件"),"") | AA46: =IF($F46="","",IF($F46="订单头",$B46,IF($A46=$A45,$AA45,""))) | AB46: =IF($F46="","",IF($F46="订单头",$C46,IF($A46=$A45,$AB45,""))) | AC46: =IF($F46="","",IF($F46="订单头",$D46,IF($A46=$A45,$AC45,""))) | AD46: =IF($F46="","",IF($F46="订单头",$E46,IF($A46=$A45,$AD45,""))) | AE46: =IF(OR($F46="组件",$F46="零件"),1,0) -> 0
... A205: =IF($F205="","",COUNTIF($F$6:$F205,"订单头")) | G205: =IF($F205="","",IF($F205="订单头","订单头",IF(AND($F205="零件",$J205<>""),IFERROR(SUMIFS($Y$6:$Y$205,$A$6:$A$205,$A205,$I$6:$I$205,$J205)&"."&$Z205,"父组件不存在"),$Y205))) | I205: =IF($F205="组件","C"&TEXT(COUNTIFS($A$6:$A205,$A205,$F$6:$F205,"组件"),"000"),"") | J205: =IF($F205="零件",IF($P205<>"","",IF(AND($A205=$A204,$F204="组件"),$I204,IF(AND($A205=$A204,$F204="零件",$J204<>""),$J204,""))),"") | R205: =IF(OR($F205="",$F205="订单头"),"",IF(AND($F205="零件",$J205<>""),IFERROR(SUMIFS($R$6:$R204,$A$6:$A204,$A205,$I$6:$I204,$J205)*IF($Q205="",1,$Q205),""),IF($P205="","",$P205*IF($Q205="",1,$Q205)))) | X205: =IF($F205="","",IF($F205="订单头",0,IF($A205=$A204,$X204,0)+IF(OR($F205="组件",AND($F205="零件",$J205="")),1,0))) | Y205: =IF($F205="","",IF($F205="订单头","",IF(AND($F205="零件",$J205<>""),"",$X205))) | Z205: =IF(AND($F205="零件",$J205<>""),COUNTIFS($A$6:$A205,$A205,$J$6:$J205,$J205,$F$6:$F205,"零件"),"") | AA205: =IF($F205="","",IF($F205="订单头",$B205,IF($A205=$A204,$AA204,""))) | AB205: =IF($F205="","",IF($F205="订单头",$C205,IF($A205=$A204,$AB204,""))) | AC205: =IF($F205="","",IF($F205="订单头",$D205,IF($A205=$A204,$AC204,""))) | AD205: =IF($F205="","",IF($F205="订单头",$E205,IF($A205=$A204,$AD204,""))) | AE205: =IF(OR($F205="组件",$F205="零件"),1,0) -> 0

Sheet ERP导入清单
A1: ERP导入清单（自动生成，不手填）
A2: 上传 ERP 时读取本表；筛选“行类型”不为空的行。字段顺序已与清单台账保持一致，订单头行不会导入。
A4: 订单块(自动) | B4: 订单编号 | C4: 制单日期 | D4: 客户名称 | E4: 项目型号 | F4: 行类型 | G4: 自动序号 | H4: 零件类型 | I4: 组件编号(自动) | J4: 所属组件编号(自动/可改) | K4: 物料号 | L4: 图号 | M4: 产品名称 | N4: 展开尺寸 | O4: 厚度 | P4: 订单数 | Q4: 单套用量 | R4: 需求数量(自动) | S4: 单位 | T4: 工艺路线 | U4: 工艺备注 | V4: 图纸日期 | W4: 图纸状态 | X4: helperUploadSeq
A5: =IFERROR(IF(清单台账!$AE6=1,清单台账!$A6,""),"") | B5: =IFERROR(IF(清单台账!$AE6=1,清单台账!$AA6,""),"") | C5: =IFERROR(IF(清单台账!$AE6=1,清单台账!$AB6,""),"") | D5: =IFERROR(IF(清单台账!$AE6=1,清单台账!$AC6,""),"") | E5: =IFERROR(IF(清单台账!$AE6=1,清单台账!$AD6,""),"") | F5: =IFERROR(IF(清单台账!$AE6=1,清单台账!$F6,""),"") | G5: =IFERROR(IF(清单台账!$AE6=1,清单台账!$G6,""),"") | H5: =IFERROR(IF(清单台账!$AE6=1,清单台账!$H6,""),"") | I5: =IFERROR(IF(清单台账!$AE6=1,清单台账!$I6,""),"") | J5: =IFERROR(IF(清单台账!$AE6=1,清单台账!$J6,""),"") | K5: =IFERROR(IF(清单台账!$AE6=1,清单台账!$K6,""),"") | L5: =IFERROR(IF(清单台账!$AE6=1,清单台账!$L6,""),"") | M5: =IFERROR(IF(清单台账!$AE6=1,清单台账!$M6,""),"") | N5: =IFERROR(IF(清单台账!$AE6=1,清单台账!$N6,""),"") | O5: =IFERROR(IF(清单台账!$AE6=1,清单台账!$O6,""),"") | P5: =IFERROR(IF(清单台账!$AE6=1,清单台账!$P6,""),"") | Q5: =IFERROR(IF(清单台账!$AE6=1,清单台账!$Q6,""),"") | R5: =IFERROR(IF(清单台账!$AE6=1,清单台账!$R6,""),"") | S5: =IFERROR(IF(清单台账!$AE6=1,清单台账!$S6,""),"") | T5: =IFERROR(IF(清单台账!$AE6=1,清单台账!$T6,""),"") | U5: =IFERROR(IF(清单台账!$AE6=1,清单台账!$U6,""),"") | V5: =IFERROR(IF(清单台账!$AE6=1,清单台账!$V6,""),"") | W5: =IFERROR(IF(清单台账!$AE6=1,清单台账!$W6,""),"") | X5: =IF($F5<>"",0+1,"")
A6: =IFERROR(IF(清单台账!$AE7=1,清单台账!$A7,""),"") -> 1 | B6: =IFERROR(IF(清单台账!$AE7=1,清单台账!$AA7,""),"") -> RSD-20260510-001 | C6: =IFERROR(IF(清单台账!$AE7=1,清单台账!$AB7,""),"") -> 46126 | D6: =IFERROR(IF(清单台账!$AE7=1,清单台账!$AC7,""),"") -> 合肥荣事达太阳能有限公司 | E6: =IFERROR(IF(清单台账!$AE7=1,清单台账!$AD7,""),"") -> C型15P | F6: =IFERROR(IF(清单台账!$AE7=1,清单台账!$F7,""),"") -> 零件 | G6: =IFERROR(IF(清单台账!$AE7=1,清单台账!$G7,""),"") -> 1 | H6: =IFERROR(IF(清单台账!$AE7=1,清单台账!$H7,""),"") -> 通用件 | I6: =IFERROR(IF(清单台账!$AE7=1,清单台账!$I7,""),"") | J6: =IFERROR(IF(清单台账!$AE7=1,清单台账!$J7,""),"") | K6: =IFERROR(IF(清单台账!$AE7=1,清单台账!$K7,""),"") -> RS10703010033 | L6: =IFERROR(IF(清单台账!$AE7=1,清单台账!$L7,""),"") -> RBKS-300DBII-10-50-01 | M6: =IFERROR(IF(清单台账!$AE7=1,清单台账!$M7,""),"") -> 顶盖 | N6: =IFERROR(IF(清单台账!$AE7=1,清单台账!$N7,""),"") -> 0 | O6: =IFERROR(IF(清单台账!$AE7=1,清单台账!$O7,""),"") -> 1mm | P6: =IFERROR(IF(清单台账!$AE7=1,清单台账!$P7,""),"") -> 16 | Q6: =IFERROR(IF(清单台账!$AE7=1,清单台账!$Q7,""),"") -> 0 | R6: =IFERROR(IF(清单台账!$AE7=1,清单台账!$R7,""),"") -> 16 | S6: =IFERROR(IF(清单台账!$AE7=1,清单台账!$S7,""),"") -> 件 | T6: =IFERROR(IF(清单台账!$AE7=1,清单台账!$T7,""),"") -> 0 | U6: =IFERROR(IF(清单台账!$AE7=1,清单台账!$U7,""),"") -> 百胜样机款 | V6: =IFERROR(IF(清单台账!$AE7=1,清单台账!$V7,""),"") -> 0 | W6: =IFERROR(IF(清单台账!$AE7=1,清单台账!$W7,""),"") -> 旧图 | X6: =IF($F6<>"",IFERROR(MAX($X$5:$X5),0)+1,"") -> 1
A7: =IFERROR(IF(清单台账!$AE8=1,清单台账!$A8,""),"") -> 1 | B7: =IFERROR(IF(清单台账!$AE8=1,清单台账!$AA8,""),"") -> RSD-20260510-001 | C7: =IFERROR(IF(清单台账!$AE8=1,清单台账!$AB8,""),"") -> 46126 | D7: =IFERROR(IF(清单台账!$AE8=1,清单台账!$AC8,""),"") -> 合肥荣事达太阳能有限公司 | E7: =IFERROR(IF(清单台账!$AE8=1,清单台账!$AD8,""),"") -> C型15P | F7: =IFERROR(IF(清单台账!$AE8=1,清单台账!$F8,""),"") -> 零件 | G7: =IFERROR(IF(清单台账!$AE8=1,清单台账!$G8,""),"") -> 2 | H7: =IFERROR(IF(清单台账!$AE8=1,清单台账!$H8,""),"") -> 通用件 | I7: =IFERROR(IF(清单台账!$AE8=1,清单台账!$I8,""),"") | J7: =IFERROR(IF(清单台账!$AE8=1,清单台账!$J8,""),"") | K7: =IFERROR(IF(清单台账!$AE8=1,清单台账!$K8,""),"") -> RS10701050458 | L7: =IFERROR(IF(清单台账!$AE8=1,清单台账!$L8,""),"") -> RBKS-300DBII-10-01 | M7: =IFERROR(IF(清单台账!$AE8=1,清单台账!$M8,""),"") -> 左侧封板 | N7: =IFERROR(IF(清单台账!$AE8=1,清单台账!$N8,""),"") -> 0 | O7: =IFERROR(IF(清单台账!$AE8=1,清单台账!$O8,""),"") -> 1mm | P7: =IFERROR(IF(清单台账!$AE8=1,清单台账!$P8,""),"") -> 16 | Q7: =IFERROR(IF(清单台账!$AE8=1,清单台账!$Q8,""),"") -> 0 | R7: =IFERROR(IF(清单台账!$AE8=1,清单台账!$R8,""),"") -> 16 | S7: =IFERROR(IF(清单台账!$AE8=1,清单台账!$S8,""),"") -> 件 | T7: =IFERROR(IF(清单台账!$AE8=1,清单台账!$T8,""),"") -> 激光切割>折弯 | U7: =IFERROR(IF(清单台账!$AE8=1,清单台账!$U8,""),"") -> 百胜样机款 | V7: =IFERROR(IF(清单台账!$AE8=1,清单台账!$V8,""),"") -> 0 | W7: =IFERROR(IF(清单台账!$AE8=1,清单台账!$W8,""),"") -> 旧图 | X7: =IF($F7<>"",IFERROR(MAX($X$5:$X6),0)+1,"") -> 2
A8: =IFERROR(IF(清单台账!$AE9=1,清单台账!$A9,""),"") -> 1 | B8: =IFERROR(IF(清单台账!$AE9=1,清单台账!$AA9,""),"") -> RSD-20260510-001 | C8: =IFERROR(IF(清单台账!$AE9=1,清单台账!$AB9,""),"") -> 46126 | D8: =IFERROR(IF(清单台账!$AE9=1,清单台账!$AC9,""),"") -> 合肥荣事达太阳能有限公司 | E8: =IFERROR(IF(清单台账!$AE9=1,清单台账!$AD9,""),"") -> C型15P | F8: =IFERROR(IF(清单台账!$AE9=1,清单台账!$F9,""),"") -> 零件 | G8: =IFERROR(IF(清单台账!$AE9=1,清单台账!$G9,""),"") -> 3 | H8: =IFERROR(IF(清单台账!$AE9=1,清单台账!$H9,""),"") -> 通用件 | I8: =IFERROR(IF(清单台账!$AE9=1,清单台账!$I9,""),"") | J8: =IFERROR(IF(清单台账!$AE9=1,清单台账!$J9,""),"") | K8: =IFERROR(IF(清单台账!$AE9=1,清单台账!$K9,""),"") -> RS10701050459 | L8: =IFERROR(IF(清单台账!$AE9=1,清单台账!$L9,""),"") -> RBKS-300DBII-10-03 | M8: =IFERROR(IF(清单台账!$AE9=1,清单台账!$M9,""),"") -> 前风机板（钢丝网） | N8: =IFERROR(IF(清单台账!$AE9=1,清单台账!$N9,""),"") -> 0 | O8: =IFERROR(IF(清单台账!$AE9=1,清单台账!$O9,""),"") -> 1mm | P8: =IFERROR(IF(清单台账!$AE9=1,清单台账!$P9,""),"") -> 16 | Q8: =IFERROR(IF(清单台账!$AE9=1,清单台账!$Q9,""),"") -> 0 | R8: =IFERROR(IF(清单台账!$AE9=1,清单台账!$R9,""),"") -> 16 | S8: =IFERROR(IF(清单台账!$AE9=1,清单台账!$S9,""),"") -> 件 | T8: =IFERROR(IF(清单台账!$AE9=1,清单台账!$T9,""),"") -> 激光切割>折弯 | U8: =IFERROR(IF(清单台账!$AE9=1,清单台账!$U9,""),"") -> 增冷凝器孔 | V8: =IFERROR(IF(清单台账!$AE9=1,清单台账!$V9,""),"") -> 44657 | W8: =IFERROR(IF(清单台账!$AE9=1,清单台账!$W9,""),"") -> 旧图 | X8: =IF($F8<>"",IFERROR(MAX($X$5:$X7),0)+1,"") -> 3
A9: =IFERROR(IF(清单台账!$AE10=1,清单台账!$A10,""),"") -> 1 | B9: =IFERROR(IF(清单台账!$AE10=1,清单台账!$AA10,""),"") -> RSD-20260510-001 | C9: =IFERROR(IF(清单台账!$AE10=1,清单台账!$AB10,""),"") -> 46126 | D9: =IFERROR(IF(清单台账!$AE10=1,清单台账!$AC10,""),"") -> 合肥荣事达太阳能有限公司 | E9: =IFERROR(IF(清单台账!$AE10=1,清单台账!$AD10,""),"") -> C型15P | F9: =IFERROR(IF(清单台账!$AE10=1,清单台账!$F10,""),"") -> 组件 | G9: =IFERROR(IF(清单台账!$AE10=1,清单台账!$G10,""),"") -> 4 | H9: =IFERROR(IF(清单台账!$AE10=1,清单台账!$H10,""),"") -> 通用件 | I9: =IFERROR(IF(清单台账!$AE10=1,清单台账!$I10,""),"") -> C001 | J9: =IFERROR(IF(清单台账!$AE10=1,清单台账!$J10,""),"") | K9: =IFERROR(IF(清单台账!$AE10=1,清单台账!$K10,""),"") -> RS10701020216 | L9: =IFERROR(IF(清单台账!$AE10=1,清单台账!$L10,""),"") -> RBKS-300DBII-10-30 | M9: =IFERROR(IF(清单台账!$AE10=1,清单台账!$M10,""),"") -> 风机支架组件 | N9: =IFERROR(IF(清单台账!$AE10=1,清单台账!$N10,""),"") -> 0 | O9: =IFERROR(IF(清单台账!$AE10=1,清单台账!$O10,""),"") -> 2mm | P9: =IFERROR(IF(清单台账!$AE10=1,清单台账!$P10,""),"") -> 16 | Q9: =IFERROR(IF(清单台账!$AE10=1,清单台账!$Q10,""),"") -> 1 | R9: =IFERROR(IF(清单台账!$AE10=1,清单台账!$R10,""),"") -> 16 | S9: =IFERROR(IF(清单台账!$AE10=1,清单台账!$S10,""),"") -> 套 | T9: =IFERROR(IF(清单台账!$AE10=1,清单台账!$T10,""),"") -> 装配 | U9: =IFERROR(IF(清单台账!$AE10=1,清单台账!$U10,""),"") -> 螺丝组装，百胜样机款 | V9: =IFERROR(IF(清单台账!$AE10=1,清单台账!$V10,""),"") -> 0 | W9: =IFERROR(IF(清单台账!$AE10=1,清单台账!$W10,""),"") -> 旧图 | X9: =IF($F9<>"",IFERROR(MAX($X$5:$X8),0)+1,"") -> 4
A10: =IFERROR(IF(清单台账!$AE11=1,清单台账!$A11,""),"") -> 1 | B10: =IFERROR(IF(清单台账!$AE11=1,清单台账!$AA11,""),"") -> RSD-20260510-001 | C10: =IFERROR(IF(清单台账!$AE11=1,清单台账!$AB11,""),"") -> 46126 | D10: =IFERROR(IF(清单台账!$AE11=1,清单台账!$AC11,""),"") -> 合肥荣事达太阳能有限公司 | E10: =IFERROR(IF(清单台账!$AE11=1,清单台账!$AD11,""),"") -> C型15P | F10: =IFERROR(IF(清单台账!$AE11=1,清单台账!$F11,""),"") -> 零件 | G10: =IFERROR(IF(清单台账!$AE11=1,清单台账!$G11,""),"") -> 4.1 | H10: =IFERROR(IF(清单台账!$AE11=1,清单台账!$H11,""),"") -> 通用件 | I10: =IFERROR(IF(清单台账!$AE11=1,清单台账!$I11,""),"") | J10: =IFERROR(IF(清单台账!$AE11=1,清单台账!$J11,""),"") -> C001 | K10: =IFERROR(IF(清单台账!$AE11=1,清单台账!$K11,""),"") -> 0 | L10: =IFERROR(IF(清单台账!$AE11=1,清单台账!$L11,""),"") -> RLKS-300DBII-10-30-B | M10: =IFERROR(IF(清单台账!$AE11=1,清单台账!$M11,""),"") -> 风机支架折弯件 | N10: =IFERROR(IF(清单台账!$AE11=1,清单台账!$N11,""),"") -> 0 | O10: =IFERROR(IF(清单台账!$AE11=1,清单台账!$O11,""),"") -> 2mm | P10: =IFERROR(IF(清单台账!$AE11=1,清单台账!$P11,""),"") -> 0 | Q10: =IFERROR(IF(清单台账!$AE11=1,清单台账!$Q11,""),"") -> 1 | R10: =IFERROR(IF(清单台账!$AE11=1,清单台账!$R11,""),"") -> 16 | S10: =IFERROR(IF(清单台账!$AE11=1,清单台账!$S11,""),"") -> 件 | T10: =IFERROR(IF(清单台账!$AE11=1,清单台账!$T11,""),"") -> 激光切割>折弯 | U10: =IFERROR(IF(清单台账!$AE11=1,清单台账!$U11,""),"") -> 组件 C001 的子件 | V10: =IFERROR(IF(清单台账!$AE11=1,清单台账!$V11,""),"") -> 0 | W10: =IFERROR(IF(清单台账!$AE11=1,清单台账!$W11,""),"") -> 旧图 | X10: =IF($F10<>"",IFERROR(MAX($X$5:$X9),0)+1,"") -> 5
A11: =IFERROR(IF(清单台账!$AE12=1,清单台账!$A12,""),"") -> 1 | B11: =IFERROR(IF(清单台账!$AE12=1,清单台账!$AA12,""),"") -> RSD-20260510-001 | C11: =IFERROR(IF(清单台账!$AE12=1,清单台账!$AB12,""),"") -> 46126 | D11: =IFERROR(IF(清单台账!$AE12=1,清单台账!$AC12,""),"") -> 合肥荣事达太阳能有限公司 | E11: =IFERROR(IF(清单台账!$AE12=1,清单台账!$AD12,""),"") -> C型15P | F11: =IFERROR(IF(清单台账!$AE12=1,清单台账!$F12,""),"") -> 零件 | G11: =IFERROR(IF(清单台账!$AE12=1,清单台账!$G12,""),"") -> 4.2 | H11: =IFERROR(IF(清单台账!$AE12=1,清单台账!$H12,""),"") -> 通用件 | I11: =IFERROR(IF(清单台账!$AE12=1,清单台账!$I12,""),"") | J11: =IFERROR(IF(清单台账!$AE12=1,清单台账!$J12,""),"") -> C001 | K11: =IFERROR(IF(清单台账!$AE12=1,清单台账!$K12,""),"") -> 0 | L11: =IFERROR(IF(清单台账!$AE12=1,清单台账!$L12,""),"") -> RBKS-300DBII-10-30-05 | M11: =IFERROR(IF(清单台账!$AE12=1,清单台账!$M12,""),"") -> 机架加强板 | N11: =IFERROR(IF(清单台账!$AE12=1,清单台账!$N12,""),"") -> 0 | O11: =IFERROR(IF(清单台账!$AE12=1,清单台账!$O12,""),"") -> 1mm | P11: =IFERROR(IF(清单台账!$AE12=1,清单台账!$P12,""),"") -> 0 | Q11: =IFERROR(IF(清单台账!$AE12=1,清单台账!$Q12,""),"") -> 1 | R11: =IFERROR(IF(清单台账!$AE12=1,清单台账!$R12,""),"") -> 16 | S11: =IFERROR(IF(清单台账!$AE12=1,清单台账!$S12,""),"") -> 件 | T11: =IFERROR(IF(清单台账!$AE12=1,清单台账!$T12,""),"") -> 激光切割 | U11: =IFERROR(IF(清单台账!$AE12=1,清单台账!$U12,""),"") -> 模具成型，百胜样机款 | V11: =IFERROR(IF(清单台账!$AE12=1,清单台账!$V12,""),"") -> 0 | W11: =IFERROR(IF(清单台账!$AE12=1,清单台账!$W12,""),"") -> 旧图 | X11: =IF($F11<>"",IFERROR(MAX($X$5:$X10),0)+1,"") -> 6
A12: =IFERROR(IF(清单台账!$AE13=1,清单台账!$A13,""),"") -> 1 | B12: =IFERROR(IF(清单台账!$AE13=1,清单台账!$AA13,""),"") -> RSD-20260510-001 | C12: =IFERROR(IF(清单台账!$AE13=1,清单台账!$AB13,""),"") -> 46126 | D12: =IFERROR(IF(清单台账!$AE13=1,清单台账!$AC13,""),"") -> 合肥荣事达太阳能有限公司 | E12: =IFERROR(IF(清单台账!$AE13=1,清单台账!$AD13,""),"") -> C型15P | F12: =IFERROR(IF(清单台账!$AE13=1,清单台账!$F13,""),"") -> 组件 | G12: =IFERROR(IF(清单台账!$AE13=1,清单台账!$G13,""),"") -> 5 | H12: =IFERROR(IF(清单台账!$AE13=1,清单台账!$H13,""),"") -> 定制件 | I12: =IFERROR(IF(清单台账!$AE13=1,清单台账!$I13,""),"") -> C002 | J12: =IFERROR(IF(清单台账!$AE13=1,清单台账!$J13,""),"") | K12: =IFERROR(IF(清单台账!$AE13=1,清单台账!$K13,""),"") -> RS10701010142 | L12: =IFERROR(IF(清单台账!$AE13=1,清单台账!$L13,""),"") -> RBKS-300DBII-10-00 | M12: =IFERROR(IF(清单台账!$AE13=1,清单台账!$M13,""),"") -> 底盘组件（激光割） | N12: =IFERROR(IF(清单台账!$AE13=1,清单台账!$N13,""),"") -> 0 | O12: =IFERROR(IF(清单台账!$AE13=1,清单台账!$O13,""),"") -> 2mm | P12: =IFERROR(IF(清单台账!$AE13=1,清单台账!$P13,""),"") -> 16 | Q12: =IFERROR(IF(清单台账!$AE13=1,清单台账!$Q13,""),"") -> 1 | R12: =IFERROR(IF(清单台账!$AE13=1,清单台账!$R13,""),"") -> 16 | S12: =IFERROR(IF(清单台账!$AE13=1,清单台账!$S13,""),"") -> 套 | T12: =IFERROR(IF(清单台账!$AE13=1,清单台账!$T13,""),"") -> 激光切割>焊接>装配 | U12: =IFERROR(IF(清单台账!$AE13=1,清单台账!$U13,""),"") -> 点5个电热丝固定卡，割孔，焊螺丝 | V12: =IFERROR(IF(清单台账!$AE13=1,清单台账!$V13,""),"") -> 45247 | W12: =IFERROR(IF(清单台账!$AE13=1,清单台账!$W13,""),"") -> 旧图 | X12: =IF($F12<>"",IFERROR(MAX($X$5:$X11),0)+1,"") -> 7
A13: =IFERROR(IF(清单台账!$AE14=1,清单台账!$A14,""),"") -> 1 | B13: =IFERROR(IF(清单台账!$AE14=1,清单台账!$AA14,""),"") -> RSD-20260510-001 | C13: =IFERROR(IF(清单台账!$AE14=1,清单台账!$AB14,""),"") -> 46126 | D13: =IFERROR(IF(清单台账!$AE14=1,清单台账!$AC14,""),"") -> 合肥荣事达太阳能有限公司 | E13: =IFERROR(IF(清单台账!$AE14=1,清单台账!$AD14,""),"") -> C型15P | F13: =IFERROR(IF(清单台账!$AE14=1,清单台账!$F14,""),"") -> 零件 | G13: =IFERROR(IF(清单台账!$AE14=1,清单台账!$G14,""),"") -> 5.1 | H13: =IFERROR(IF(清单台账!$AE14=1,清单台账!$H14,""),"") -> 定制件 | I13: =IFERROR(IF(清单台账!$AE14=1,清单台账!$I14,""),"") | J13: =IFERROR(IF(清单台账!$AE14=1,清单台账!$J14,""),"") -> C002 | K13: =IFERROR(IF(清单台账!$AE14=1,清单台账!$K14,""),"") -> 0 | L13: =IFERROR(IF(清单台账!$AE14=1,清单台账!$L14,""),"") -> RBKS-300DBII-10-00-A | M13: =IFERROR(IF(清单台账!$AE14=1,清单台账!$M14,""),"") -> 底盘板 | N13: =IFERROR(IF(清单台账!$AE14=1,清单台账!$N14,""),"") -> 0 | O13: =IFERROR(IF(清单台账!$AE14=1,清单台账!$O14,""),"") -> 2mm | P13: =IFERROR(IF(清单台账!$AE14=1,清单台账!$P14,""),"") -> 0 | Q13: =IFERROR(IF(清单台账!$AE14=1,清单台账!$Q14,""),"") -> 1 | R13: =IFERROR(IF(清单台账!$AE14=1,清单台账!$R14,""),"") -> 16 | S13: =IFERROR(IF(清单台账!$AE14=1,清单台账!$S14,""),"") -> 件 | T13: =IFERROR(IF(清单台账!$AE14=1,清单台账!$T14,""),"") -> 激光切割 | U13: =IFERROR(IF(清单台账!$AE14=1,清单台账!$U14,""),"") -> 小孔，割3-Φ3.2孔 | V13: =IFERROR(IF(清单台账!$AE14=1,清单台账!$V14,""),"") -> 0 | W13: =IFERROR(IF(清单台账!$AE14=1,清单台账!$W14,""),"") -> 待确认 | X13: =IF($F13<>"",IFERROR(MAX($X$5:$X12),0)+1,"") -> 8
A14: =IFERROR(IF(清单台账!$AE15=1,清单台账!$A15,""),"") -> 1 | B14: =IFERROR(IF(清单台账!$AE15=1,清单台账!$AA15,""),"") -> RSD-20260510-001 | C14: =IFERROR(IF(清单台账!$AE15=1,清单台账!$AB15,""),"") -> 46126 | D14: =IFERROR(IF(清单台账!$AE15=1,清单台账!$AC15,""),"") -> 合肥荣事达太阳能有限公司 | E14: =IFERROR(IF(清单台账!$AE15=1,清单台账!$AD15,""),"") -> C型15P | F14: =IFERROR(IF(清单台账!$AE15=1,清单台账!$F15,""),"") -> 零件 | G14: =IFERROR(IF(清单台账!$AE15=1,清单台账!$G15,""),"") -> 5.2 | H14: =IFERROR(IF(清单台账!$AE15=1,清单台账!$H15,""),"") -> 定制件 | I14: =IFERROR(IF(清单台账!$AE15=1,清单台账!$I15,""),"") | J14: =IFERROR(IF(清单台账!$AE15=1,清单台账!$J15,""),"") -> C002 | K14: =IFERROR(IF(清单台账!$AE15=1,清单台账!$K15,""),"") -> 0 | L14: =IFERROR(IF(清单台账!$AE15=1,清单台账!$L15,""),"") -> RBKS-300DBII-10-00-B | M14: =IFERROR(IF(清单台账!$AE15=1,清单台账!$M15,""),"") -> 底盘加强片 | N14: =IFERROR(IF(清单台账!$AE15=1,清单台账!$N15,""),"") -> 0 | O14: =IFERROR(IF(清单台账!$AE15=1,清单台账!$O15,""),"") -> 1.5mm | P14: =IFERROR(IF(清单台账!$AE15=1,清单台账!$P15,""),"") -> 0 | Q14: =IFERROR(IF(清单台账!$AE15=1,清单台账!$Q15,""),"") -> 1 | R14: =IFERROR(IF(清单台账!$AE15=1,清单台账!$R15,""),"") -> 16 | S14: =IFERROR(IF(清单台账!$AE15=1,清单台账!$S15,""),"") -> 件 | T14: =IFERROR(IF(清单台账!$AE15=1,清单台账!$T15,""),"") -> 激光切割>折弯 | U14: =IFERROR(IF(清单台账!$AE15=1,清单台账!$U15,""),"") -> 焊2-M8x20螺丝 | V14: =IFERROR(IF(清单台账!$AE15=1,清单台账!$V15,""),"") -> 0 | W14: =IFERROR(IF(清单台账!$AE15=1,清单台账!$W15,""),"") -> 待确认 | X14: =IF($F14<>"",IFERROR(MAX($X$5:$X13),0)+1,"") -> 9
A15: =IFERROR(IF(清单台账!$AE16=1,清单台账!$A16,""),"") -> 1 | B15: =IFERROR(IF(清单台账!$AE16=1,清单台账!$AA16,""),"") -> RSD-20260510-001 | C15: =IFERROR(IF(清单台账!$AE16=1,清单台账!$AB16,""),"") -> 46126 | D15: =IFERROR(IF(清单台账!$AE16=1,清单台账!$AC16,""),"") -> 合肥荣事达太阳能有限公司 | E15: =IFERROR(IF(清单台账!$AE16=1,清单台账!$AD16,""),"") -> C型15P | F15: =IFERROR(IF(清单台账!$AE16=1,清单台账!$F16,""),"") -> 零件 | G15: =IFERROR(IF(清单台账!$AE16=1,清单台账!$G16,""),"") -> 6 | H15: =IFERROR(IF(清单台账!$AE16=1,清单台账!$H16,""),"") -> 外协件 | I15: =IFERROR(IF(清单台账!$AE16=1,清单台账!$I16,""),"") | J15: =IFERROR(IF(清单台账!$AE16=1,清单台账!$J16,""),"") | K15: =IFERROR(IF(清单台账!$AE16=1,清单台账!$K16,""),"") -> RS10707010049 | L15: =IFERROR(IF(清单台账!$AE16=1,清单台账!$L16,""),"") -> RBKS-300DBII-10-04 | M15: =IFERROR(IF(清单台账!$AE16=1,清单台账!$M16,""),"") -> 网罩 | N15: =IFERROR(IF(清单台账!$AE16=1,清单台账!$N16,""),"") -> 0 | O15: =IFERROR(IF(清单台账!$AE16=1,清单台账!$O16,""),"") -> 0 | P15: =IFERROR(IF(清单台账!$AE16=1,清单台账!$P16,""),"") -> 32 | Q15: =IFERROR(IF(清单台账!$AE16=1,清单台账!$Q16,""),"") -> 0 | R15: =IFERROR(IF(清单台账!$AE16=1,清单台账!$R16,""),"") -> 32 | S15: =IFERROR(IF(清单台账!$AE16=1,清单台账!$S16,""),"") -> 件 | T15: =IFERROR(IF(清单台账!$AE16=1,清单台账!$T16,""),"") -> 0 | U15: =IFERROR(IF(清单台账!$AE16=1,清单台账!$U16,""),"") -> 钢丝网 | V15: =IFERROR(IF(清单台账!$AE16=1,清单台账!$V16,""),"") -> 0 | W15: =IFERROR(IF(清单台账!$AE16=1,清单台账!$W16,""),"") -> 旧图 | X15: =IF($F15<>"",IFERROR(MAX($X$5:$X14),0)+1,"") -> 10
A16: =IFERROR(IF(清单台账!$AE17=1,清单台账!$A17,""),"") | B16: =IFERROR(IF(清单台账!$AE17=1,清单台账!$AA17,""),"") | C16: =IFERROR(IF(清单台账!$AE17=1,清单台账!$AB17,""),"") | D16: =IFERROR(IF(清单台账!$AE17=1,清单台账!$AC17,""),"") | E16: =IFERROR(IF(清单台账!$AE17=1,清单台账!$AD17,""),"") | F16: =IFERROR(IF(清单台账!$AE17=1,清单台账!$F17,""),"") | G16: =IFERROR(IF(清单台账!$AE17=1,清单台账!$G17,""),"") | H16: =IFERROR(IF(清单台账!$AE17=1,清单台账!$H17,""),"") | I16: =IFERROR(IF(清单台账!$AE17=1,清单台账!$I17,""),"") | J16: =IFERROR(IF(清单台账!$AE17=1,清单台账!$J17,""),"") | K16: =IFERROR(IF(清单台账!$AE17=1,清单台账!$K17,""),"") | L16: =IFERROR(IF(清单台账!$AE17=1,清单台账!$L17,""),"") | M16: =IFERROR(IF(清单台账!$AE17=1,清单台账!$M17,""),"") | N16: =IFERROR(IF(清单台账!$AE17=1,清单台账!$N17,""),"") | O16: =IFERROR(IF(清单台账!$AE17=1,清单台账!$O17,""),"") | P16: =IFERROR(IF(清单台账!$AE17=1,清单台账!$P17,""),"") | Q16: =IFERROR(IF(清单台账!$AE17=1,清单台账!$Q17,""),"") | R16: =IFERROR(IF(清单台账!$AE17=1,清单台账!$R17,""),"") | S16: =IFERROR(IF(清单台账!$AE17=1,清单台账!$S17,""),"") | T16: =IFERROR(IF(清单台账!$AE17=1,清单台账!$T17,""),"") | U16: =IFERROR(IF(清单台账!$AE17=1,清单台账!$U17,""),"") | V16: =IFERROR(IF(清单台账!$AE17=1,清单台账!$V17,""),"") | W16: =IFERROR(IF(清单台账!$AE17=1,清单台账!$W17,""),"") | X16: =IF($F16<>"",IFERROR(MAX($X$5:$X15),0)+1,"")
A17: =IFERROR(IF(清单台账!$AE18=1,清单台账!$A18,""),"") | B17: =IFERROR(IF(清单台账!$AE18=1,清单台账!$AA18,""),"") | C17: =IFERROR(IF(清单台账!$AE18=1,清单台账!$AB18,""),"") | D17: =IFERROR(IF(清单台账!$AE18=1,清单台账!$AC18,""),"") | E17: =IFERROR(IF(清单台账!$AE18=1,清单台账!$AD18,""),"") | F17: =IFERROR(IF(清单台账!$AE18=1,清单台账!$F18,""),"") | G17: =IFERROR(IF(清单台账!$AE18=1,清单台账!$G18,""),"") | H17: =IFERROR(IF(清单台账!$AE18=1,清单台账!$H18,""),"") | I17: =IFERROR(IF(清单台账!$AE18=1,清单台账!$I18,""),"") | J17: =IFERROR(IF(清单台账!$AE18=1,清单台账!$J18,""),"") | K17: =IFERROR(IF(清单台账!$AE18=1,清单台账!$K18,""),"") | L17: =IFERROR(IF(清单台账!$AE18=1,清单台账!$L18,""),"") | M17: =IFERROR(IF(清单台账!$AE18=1,清单台账!$M18,""),"") | N17: =IFERROR(IF(清单台账!$AE18=1,清单台账!$N18,""),"") | O17: =IFERROR(IF(清单台账!$AE18=1,清单台账!$O18,""),"") | P17: =IFERROR(IF(清单台账!$AE18=1,清单台账!$P18,""),"") | Q17: =IFERROR(IF(清单台账!$AE18=1,清单台账!$Q18,""),"") | R17: =IFERROR(IF(清单台账!$AE18=1,清单台账!$R18,""),"") | S17: =IFERROR(IF(清单台账!$AE18=1,清单台账!$S18,""),"") | T17: =IFERROR(IF(清单台账!$AE18=1,清单台账!$T18,""),"") | U17: =IFERROR(IF(清单台账!$AE18=1,清单台账!$U18,""),"") | V17: =IFERROR(IF(清单台账!$AE18=1,清单台账!$V18,""),"") | W17: =IFERROR(IF(清单台账!$AE18=1,清单台账!$W18,""),"") | X17: =IF($F17<>"",IFERROR(MAX($X$5:$X16),0)+1,"")
... A204: =IFERROR(IF(清单台账!$AE205=1,清单台账!$A205,""),"") | B204: =IFERROR(IF(清单台账!$AE205=1,清单台账!$AA205,""),"") | C204: =IFERROR(IF(清单台账!$AE205=1,清单台账!$AB205,""),"") | D204: =IFERROR(IF(清单台账!$AE205=1,清单台账!$AC205,""),"") | E204: =IFERROR(IF(清单台账!$AE205=1,清单台账!$AD205,""),"") | F204: =IFERROR(IF(清单台账!$AE205=1,清单台账!$F205,""),"") | G204: =IFERROR(IF(清单台账!$AE205=1,清单台账!$G205,""),"") | H204: =IFERROR(IF(清单台账!$AE205=1,清单台账!$H205,""),"") | I204: =IFERROR(IF(清单台账!$AE205=1,清单台账!$I205,""),"") | J204: =IFERROR(IF(清单台账!$AE205=1,清单台账!$J205,""),"") | K204: =IFERROR(IF(清单台账!$AE205=1,清单台账!$K205,""),"") | L204: =IFERROR(IF(清单台账!$AE205=1,清单台账!$L205,""),"") | M204: =IFERROR(IF(清单台账!$AE205=1,清单台账!$M205,""),"") | N204: =IFERROR(IF(清单台账!$AE205=1,清单台账!$N205,""),"") | O204: =IFERROR(IF(清单台账!$AE205=1,清单台账!$O205,""),"") | P204: =IFERROR(IF(清单台账!$AE205=1,清单台账!$P205,""),"") | Q204: =IFERROR(IF(清单台账!$AE205=1,清单台账!$Q205,""),"") | R204: =IFERROR(IF(清单台账!$AE205=1,清单台账!$R205,""),"") | S204: =IFERROR(IF(清单台账!$AE205=1,清单台账!$S205,""),"") | T204: =IFERROR(IF(清单台账!$AE205=1,清单台账!$T205,""),"") | U204: =IFERROR(IF(清单台账!$AE205=1,清单台账!$U205,""),"") | V204: =IFERROR(IF(清单台账!$AE205=1,清单台账!$V205,""),"") | W204: =IFERROR(IF(清单台账!$AE205=1,清单台账!$W205,""),"") | X204: =IF($F204<>"",IFERROR(MAX($X$5:$X203),0)+1,"")

Sheet 使用说明
A1: 最终版使用说明
A3: 问题 | B3: 建议做法 | C3: 公式逻辑 | D3: 注意
A4: 能否上传 ERP | B4: 建议以后 ERP 上传读取“ERP导入清单” | C4: ERP导入清单自动继承订单头信息，每条组件/零件都有完整订单字段 | D4: 不要让 ERP 直接解析截图格式或合并单元格
A5: 如何新建订单 | B5: 复制一整块：订单头 + 下面所有组件/零件行 | C5: 订单块按“订单头”重新计算 | D5: 复制后先修改订单编号、制单日期、客户名称、项目型号
A6: 为什么组件重新 C001 | B6: 每个订单块内单独统计组件数量 | C6: 组件编号=当前订单块内第 N 个组件 | D6: 组件编号列是公式，不手填；当前支持到 C9999
A7: 子零件怎么挂组件 | B7: 子零件必须紧跟在所属组件下面，订单数留空，只填单套用量 | C7: 所属组件编号会自动继承上方最近组件，连续子件会继续继承 | D7: 普通零件必须填写订单数；如需手动改，仍可用下拉选择 C001-C9999
A8: 普通零件 | B8: 所属组件编号自动为空，填写订单数；单套用量可空或填 1 | C8: 需求数量=订单数×单套用量 | D8: 普通零件不要放在组件子件中间
A9: 组件行 | B9: 行类型选组件，填写订单数和单套用量 | C9: 需求数量=订单数×单套用量 | D9: 例如 90×2=180
A10: 组件子零件 | B10: 订单数留空，只填单套用量 | C10: 需求数量=父组件需求数量×子零件单套用量 | D10: 例如父组件 180，子件单套用量 2，则子件 360
A11: 库存和生产计划 | B11: 不要在 Excel 里填 | C11: 进入 ERP 后再做库存核对、履约方式、生产计划数量 | D11: Excel 只负责清单事实
A12: 蓝色列 | B12: 不要手改 | C12: 公式自动生成 | D12: 包括订单块、自动序号、组件编号、所属组件编号、需求数量
A13: 选项范围 | B13: 所属组件编号支持 C001-C9999 | C13: 选项表提供下拉来源 | D13: 一般订单用不到这么多，但可长期扩展
A14: ERP上传净表 | B14: ERP 正式上传建议读取此表 | C14: 用 AGGREGATE 自动抽取 ERP导入清单 中行类型不为空的有效行 | D14: 有效行连续排列，后面空白行可忽略

Sheet 选项
A1: 行类型 | B1: 零件类型 | C1: 单位 | D1: 预留 | E1: 图纸状态 | F1: 常用工艺 | G1: 可选组件编号
A2: 订单头 | B2: 通用件 | C2: 件 | E2: 旧图 | F2: 激光切割 | G2: C001
A3: 组件 | B3: 定制件 | C3: 套 | E3: 新图 | F3: 激光切割>折弯 | G3: C002
A4: 零件 | B4: 数控件 | C4: 张 | E4: 图纸变更 | F4: 激光切割>折弯>冲压 | G4: C003
B5: 外协件 | C5: 个 | E5: 待确认 | F5: 激光切割>焊接>装配 | G5: C004
C6: 根 | F6: 激光折弯 | G6: C005
C7: 米 | F7: 装配 | G7: C006
F8: 外协 | G8: C007
F9: 包装 | G9: C008
G10: C009
G11: C010
G12: C011
G13: C012
G14: C013
G15: C014
G16: C015
G17: C016
G18: C017
G19: C018
G20: C019
G21: C020
... G10000: C9999

Sheet ERP上传净表
A1: ERP上传净表（连续无空行，自动生成）
A2: ERP 上传优先读取本表。本表自动跳过订单头、空白行，只保留组件/零件有效行，并且有效行连续排列。
A4: 订单块(自动) | B4: 订单编号 | C4: 制单日期 | D4: 客户名称 | E4: 项目型号 | F4: 行类型 | G4: 自动序号 | H4: 零件类型 | I4: 组件编号(自动) | J4: 所属组件编号(自动/可改) | K4: 物料号 | L4: 图号 | M4: 产品名称 | N4: 展开尺寸 | O4: 厚度 | P4: 订单数 | Q4: 单套用量 | R4: 需求数量(自动) | S4: 单位 | T4: 工艺路线 | U4: 工艺备注 | V4: 图纸日期 | W4: 图纸状态
A5: =IF(COUNTIF(ERP导入清单!$X$5:$X$204,1)=0,"",INDEX(ERP导入清单!A:A,IFERROR(MATCH(1,ERP导入清单!$X$5:$X$204,0)+4,""))) -> 1 | B5: =IF(COUNTIF(ERP导入清单!$X$5:$X$204,1)=0,"",INDEX(ERP导入清单!B:B,IFERROR(MATCH(1,ERP导入清单!$X$5:$X$204,0)+4,""))) -> RSD-20260510-001 | C5: =IF(COUNTIF(ERP导入清单!$X$5:$X$204,1)=0,"",INDEX(ERP导入清单!C:C,IFERROR(MATCH(1,ERP导入清单!$X$5:$X$204,0)+4,""))) -> 46126 | D5: =IF(COUNTIF(ERP导入清单!$X$5:$X$204,1)=0,"",INDEX(ERP导入清单!D:D,IFERROR(MATCH(1,ERP导入清单!$X$5:$X$204,0)+4,""))) -> 合肥荣事达太阳能有限公司 | E5: =IF(COUNTIF(ERP导入清单!$X$5:$X$204,1)=0,"",INDEX(ERP导入清单!E:E,IFERROR(MATCH(1,ERP导入清单!$X$5:$X$204,0)+4,""))) -> C型15P | F5: =IF(COUNTIF(ERP导入清单!$X$5:$X$204,1)=0,"",INDEX(ERP导入清单!F:F,IFERROR(MATCH(1,ERP导入清单!$X$5:$X$204,0)+4,""))) -> 零件 | G5: =IF(COUNTIF(ERP导入清单!$X$5:$X$204,1)=0,"",INDEX(ERP导入清单!G:G,IFERROR(MATCH(1,ERP导入清单!$X$5:$X$204,0)+4,""))) -> 1 | H5: =IF(COUNTIF(ERP导入清单!$X$5:$X$204,1)=0,"",INDEX(ERP导入清单!H:H,IFERROR(MATCH(1,ERP导入清单!$X$5:$X$204,0)+4,""))) -> 通用件 | I5: =IF(COUNTIF(ERP导入清单!$X$5:$X$204,1)=0,"",INDEX(ERP导入清单!I:I,IFERROR(MATCH(1,ERP导入清单!$X$5:$X$204,0)+4,""))) | J5: =IF(COUNTIF(ERP导入清单!$X$5:$X$204,1)=0,"",INDEX(ERP导入清单!J:J,IFERROR(MATCH(1,ERP导入清单!$X$5:$X$204,0)+4,""))) | K5: =IF(COUNTIF(ERP导入清单!$X$5:$X$204,1)=0,"",INDEX(ERP导入清单!K:K,IFERROR(MATCH(1,ERP导入清单!$X$5:$X$204,0)+4,""))) -> RS10703010033 | L5: =IF(COUNTIF(ERP导入清单!$X$5:$X$204,1)=0,"",INDEX(ERP导入清单!L:L,IFERROR(MATCH(1,ERP导入清单!$X$5:$X$204,0)+4,""))) -> RBKS-300DBII-10-50-01 | M5: =IF(COUNTIF(ERP导入清单!$X$5:$X$204,1)=0,"",INDEX(ERP导入清单!M:M,IFERROR(MATCH(1,ERP导入清单!$X$5:$X$204,0)+4,""))) -> 顶盖 | N5: =IF(COUNTIF(ERP导入清单!$X$5:$X$204,1)=0,"",INDEX(ERP导入清单!N:N,IFERROR(MATCH(1,ERP导入清单!$X$5:$X$204,0)+4,""))) -> 0 | O5: =IF(COUNTIF(ERP导入清单!$X$5:$X$204,1)=0,"",INDEX(ERP导入清单!O:O,IFERROR(MATCH(1,ERP导入清单!$X$5:$X$204,0)+4,""))) -> 1mm | P5: =IF(COUNTIF(ERP导入清单!$X$5:$X$204,1)=0,"",INDEX(ERP导入清单!P:P,IFERROR(MATCH(1,ERP导入清单!$X$5:$X$204,0)+4,""))) -> 16 | Q5: =IF(COUNTIF(ERP导入清单!$X$5:$X$204,1)=0,"",INDEX(ERP导入清单!Q:Q,IFERROR(MATCH(1,ERP导入清单!$X$5:$X$204,0)+4,""))) -> 0 | R5: =IF(COUNTIF(ERP导入清单!$X$5:$X$204,1)=0,"",INDEX(ERP导入清单!R:R,IFERROR(MATCH(1,ERP导入清单!$X$5:$X$204,0)+4,""))) -> 16 | S5: =IF(COUNTIF(ERP导入清单!$X$5:$X$204,1)=0,"",INDEX(ERP导入清单!S:S,IFERROR(MATCH(1,ERP导入清单!$X$5:$X$204,0)+4,""))) -> 件 | T5: =IF(COUNTIF(ERP导入清单!$X$5:$X$204,1)=0,"",INDEX(ERP导入清单!T:T,IFERROR(MATCH(1,ERP导入清单!$X$5:$X$204,0)+4,""))) -> 0 | U5: =IF(COUNTIF(ERP导入清单!$X$5:$X$204,1)=0,"",INDEX(ERP导入清单!U:U,IFERROR(MATCH(1,ERP导入清单!$X$5:$X$204,0)+4,""))) -> 百胜样机款 | V5: =IF(COUNTIF(ERP导入清单!$X$5:$X$204,1)=0,"",INDEX(ERP导入清单!V:V,IFERROR(MATCH(1,ERP导入清单!$X$5:$X$204,0)+4,""))) -> 0 | W5: =IF(COUNTIF(ERP导入清单!$X$5:$X$204,1)=0,"",INDEX(ERP导入清单!W:W,IFERROR(MATCH(1,ERP导入清单!$X$5:$X$204,0)+4,""))) -> 旧图
A6: =IF(COUNTIF(ERP导入清单!$X$5:$X$204,2)=0,"",INDEX(ERP导入清单!A:A,IFERROR(MATCH(2,ERP导入清单!$X$5:$X$204,0)+4,""))) -> 1 | B6: =IF(COUNTIF(ERP导入清单!$X$5:$X$204,2)=0,"",INDEX(ERP导入清单!B:B,IFERROR(MATCH(2,ERP导入清单!$X$5:$X$204,0)+4,""))) -> RSD-20260510-001 | C6: =IF(COUNTIF(ERP导入清单!$X$5:$X$204,2)=0,"",INDEX(ERP导入清单!C:C,IFERROR(MATCH(2,ERP导入清单!$X$5:$X$204,0)+4,""))) -> 46126 | D6: =IF(COUNTIF(ERP导入清单!$X$5:$X$204,2)=0,"",INDEX(ERP导入清单!D:D,IFERROR(MATCH(2,ERP导入清单!$X$5:$X$204,0)+4,""))) -> 合肥荣事达太阳能有限公司 | E6: =IF(COUNTIF(ERP导入清单!$X$5:$X$204,2)=0,"",INDEX(ERP导入清单!E:E,IFERROR(MATCH(2,ERP导入清单!$X$5:$X$204,0)+4,""))) -> C型15P | F6: =IF(COUNTIF(ERP导入清单!$X$5:$X$204,2)=0,"",INDEX(ERP导入清单!F:F,IFERROR(MATCH(2,ERP导入清单!$X$5:$X$204,0)+4,""))) -> 零件 | G6: =IF(COUNTIF(ERP导入清单!$X$5:$X$204,2)=0,"",INDEX(ERP导入清单!G:G,IFERROR(MATCH(2,ERP导入清单!$X$5:$X$204,0)+4,""))) -> 2 | H6: =IF(COUNTIF(ERP导入清单!$X$5:$X$204,2)=0,"",INDEX(ERP导入清单!H:H,IFERROR(MATCH(2,ERP导入清单!$X$5:$X$204,0)+4,""))) -> 通用件 | I6: =IF(COUNTIF(ERP导入清单!$X$5:$X$204,2)=0,"",INDEX(ERP导入清单!I:I,IFERROR(MATCH(2,ERP导入清单!$X$5:$X$204,0)+4,""))) | J6: =IF(COUNTIF(ERP导入清单!$X$5:$X$204,2)=0,"",INDEX(ERP导入清单!J:J,IFERROR(MATCH(2,ERP导入清单!$X$5:$X$204,0)+4,""))) | K6: =IF(COUNTIF(ERP导入清单!$X$5:$X$204,2)=0,"",INDEX(ERP导入清单!K:K,IFERROR(MATCH(2,ERP导入清单!$X$5:$X$204,0)+4,""))) -> RS10701050458 | L6: =IF(COUNTIF(ERP导入清单!$X$5:$X$204,2)=0,"",INDEX(ERP导入清单!L:L,IFERROR(MATCH(2,ERP导入清单!$X$5:$X$204,0)+4,""))) -> RBKS-300DBII-10-01 | M6: =IF(COUNTIF(ERP导入清单!$X$5:$X$204,2)=0,"",INDEX(ERP导入清单!M:M,IFERROR(MATCH(2,ERP导入清单!$X$5:$X$204,0)+4,""))) -> 左侧封板 | N6: =IF(COUNTIF(ERP导入清单!$X$5:$X$204,2)=0,"",INDEX(ERP导入清单!N:N,IFERROR(MATCH(2,ERP导入清单!$X$5:$X$204,0)+4,""))) -> 0 | O6: =IF(COUNTIF(ERP导入清单!$X$5:$X$204,2)=0,"",INDEX(ERP导入清单!O:O,IFERROR(MATCH(2,ERP导入清单!$X$5:$X$204,0)+4,""))) -> 1mm | P6: =IF(COUNTIF(ERP导入清单!$X$5:$X$204,2)=0,"",INDEX(ERP导入清单!P:P,IFERROR(MATCH(2,ERP导入清单!$X$5:$X$204,0)+4,""))) -> 16 | Q6: =IF(COUNTIF(ERP导入清单!$X$5:$X$204,2)=0,"",INDEX(ERP导入清单!Q:Q,IFERROR(MATCH(2,ERP导入清单!$X$5:$X$204,0)+4,""))) -> 0 | R6: =IF(COUNTIF(ERP导入清单!$X$5:$X$204,2)=0,"",INDEX(ERP导入清单!R:R,IFERROR(MATCH(2,ERP导入清单!$X$5:$X$204,0)+4,""))) -> 16 | S6: =IF(COUNTIF(ERP导入清单!$X$5:$X$204,2)=0,"",INDEX(ERP导入清单!S:S,IFERROR(MATCH(2,ERP导入清单!$X$5:$X$204,0)+4,""))) -> 件 | T6: =IF(COUNTIF(ERP导入清单!$X$5:$X$204,2)=0,"",INDEX(ERP导入清单!T:T,IFERROR(MATCH(2,ERP导入清单!$X$5:$X$204,0)+4,""))) -> 激光切割>折弯 | U6: =IF(COUNTIF(ERP导入清单!$X$5:$X$204,2)=0,"",INDEX(ERP导入清单!U:U,IFERROR(MATCH(2,ERP导入清单!$X$5:$X$204,0)+4,""))) -> 百胜样机款 | V6: =IF(COUNTIF(ERP导入清单!$X$5:$X$204,2)=0,"",INDEX(ERP导入清单!V:V,IFERROR(MATCH(2,ERP导入清单!$X$5:$X$204,0)+4,""))) -> 0 | W6: =IF(COUNTIF(ERP导入清单!$X$5:$X$204,2)=0,"",INDEX(ERP导入清单!W:W,IFERROR(MATCH(2,ERP导入清单!$X$5:$X$204,0)+4,""))) -> 旧图
A7: =IF(COUNTIF(ERP导入清单!$X$5:$X$204,3)=0,"",INDEX(ERP导入清单!A:A,IFERROR(MATCH(3,ERP导入清单!$X$5:$X$204,0)+4,""))) -> 1 | B7: =IF(COUNTIF(ERP导入清单!$X$5:$X$204,3)=0,"",INDEX(ERP导入清单!B:B,IFERROR(MATCH(3,ERP导入清单!$X$5:$X$204,0)+4,""))) -> RSD-20260510-001 | C7: =IF(COUNTIF(ERP导入清单!$X$5:$X$204,3)=0,"",INDEX(ERP导入清单!C:C,IFERROR(MATCH(3,ERP导入清单!$X$5:$X$204,0)+4,""))) -> 46126 | D7: =IF(COUNTIF(ERP导入清单!$X$5:$X$204,3)=0,"",INDEX(ERP导入清单!D:D,IFERROR(MATCH(3,ERP导入清单!$X$5:$X$204,0)+4,""))) -> 合肥荣事达太阳能有限公司 | E7: =IF(COUNTIF(ERP导入清单!$X$5:$X$204,3)=0,"",INDEX(ERP导入清单!E:E,IFERROR(MATCH(3,ERP导入清单!$X$5:$X$204,0)+4,""))) -> C型15P | F7: =IF(COUNTIF(ERP导入清单!$X$5:$X$204,3)=0,"",INDEX(ERP导入清单!F:F,IFERROR(MATCH(3,ERP导入清单!$X$5:$X$204,0)+4,""))) -> 零件 | G7: =IF(COUNTIF(ERP导入清单!$X$5:$X$204,3)=0,"",INDEX(ERP导入清单!G:G,IFERROR(MATCH(3,ERP导入清单!$X$5:$X$204,0)+4,""))) -> 3 | H7: =IF(COUNTIF(ERP导入清单!$X$5:$X$204,3)=0,"",INDEX(ERP导入清单!H:H,IFERROR(MATCH(3,ERP导入清单!$X$5:$X$204,0)+4,""))) -> 通用件 | I7: =IF(COUNTIF(ERP导入清单!$X$5:$X$204,3)=0,"",INDEX(ERP导入清单!I:I,IFERROR(MATCH(3,ERP导入清单!$X$5:$X$204,0)+4,""))) | J7: =IF(COUNTIF(ERP导入清单!$X$5:$X$204,3)=0,"",INDEX(ERP导入清单!J:J,IFERROR(MATCH(3,ERP导入清单!$X$5:$X$204,0)+4,""))) | K7: =IF(COUNTIF(ERP导入清单!$X$5:$X$204,3)=0,"",INDEX(ERP导入清单!K:K,IFERROR(MATCH(3,ERP导入清单!$X$5:$X$204,0)+4,""))) -> RS10701050459 | L7: =IF(COUNTIF(ERP导入清单!$X$5:$X$204,3)=0,"",INDEX(ERP导入清单!L:L,IFERROR(MATCH(3,ERP导入清单!$X$5:$X$204,0)+4,""))) -> RBKS-300DBII-10-03 | M7: =IF(COUNTIF(ERP导入清单!$X$5:$X$204,3)=0,"",INDEX(ERP导入清单!M:M,IFERROR(MATCH(3,ERP导入清单!$X$5:$X$204,0)+4,""))) -> 前风机板（钢丝网） | N7: =IF(COUNTIF(ERP导入清单!$X$5:$X$204,3)=0,"",INDEX(ERP导入清单!N:N,IFERROR(MATCH(3,ERP导入清单!$X$5:$X$204,0)+4,""))) -> 0 | O7: =IF(COUNTIF(ERP导入清单!$X$5:$X$204,3)=0,"",INDEX(ERP导入清单!O:O,IFERROR(MATCH(3,ERP导入清单!$X$5:$X$204,0)+4,""))) -> 1mm | P7: =IF(COUNTIF(ERP导入清单!$X$5:$X$204,3)=0,"",INDEX(ERP导入清单!P:P,IFERROR(MATCH(3,ERP导入清单!$X$5:$X$204,0)+4,""))) -> 16 | Q7: =IF(COUNTIF(ERP导入清单!$X$5:$X$204,3)=0,"",INDEX(ERP导入清单!Q:Q,IFERROR(MATCH(3,ERP导入清单!$X$5:$X$204,0)+4,""))) -> 0 | R7: =IF(COUNTIF(ERP导入清单!$X$5:$X$204,3)=0,"",INDEX(ERP导入清单!R:R,IFERROR(MATCH(3,ERP导入清单!$X$5:$X$204,0)+4,""))) -> 16 | S7: =IF(COUNTIF(ERP导入清单!$X$5:$X$204,3)=0,"",INDEX(ERP导入清单!S:S,IFERROR(MATCH(3,ERP导入清单!$X$5:$X$204,0)+4,""))) -> 件 | T7: =IF(COUNTIF(ERP导入清单!$X$5:$X$204,3)=0,"",INDEX(ERP导入清单!T:T,IFERROR(MATCH(3,ERP导入清单!$X$5:$X$204,0)+4,""))) -> 激光切割>折弯 | U7: =IF(COUNTIF(ERP导入清单!$X$5:$X$204,3)=0,"",INDEX(ERP导入清单!U:U,IFERROR(MATCH(3,ERP导入清单!$X$5:$X$204,0)+4,""))) -> 增冷凝器孔 | V7: =IF(COUNTIF(ERP导入清单!$X$5:$X$204,3)=0,"",INDEX(ERP导入清单!V:V,IFERROR(MATCH(3,ERP导入清单!$X$5:$X$204,0)+4,""))) -> 44657 | W7: =IF(COUNTIF(ERP导入清单!$X$5:$X$204,3)=0,"",INDEX(ERP导入清单!W:W,IFERROR(MATCH(3,ERP导入清单!$X$5:$X$204,0)+4,""))) -> 旧图
A8: =IF(COUNTIF(ERP导入清单!$X$5:$X$204,4)=0,"",INDEX(ERP导入清单!A:A,IFERROR(MATCH(4,ERP导入清单!$X$5:$X$204,0)+4,""))) -> 1 | B8: =IF(COUNTIF(ERP导入清单!$X$5:$X$204,4)=0,"",INDEX(ERP导入清单!B:B,IFERROR(MATCH(4,ERP导入清单!$X$5:$X$204,0)+4,""))) -> RSD-20260510-001 | C8: =IF(COUNTIF(ERP导入清单!$X$5:$X$204,4)=0,"",INDEX(ERP导入清单!C:C,IFERROR(MATCH(4,ERP导入清单!$X$5:$X$204,0)+4,""))) -> 46126 | D8: =IF(COUNTIF(ERP导入清单!$X$5:$X$204,4)=0,"",INDEX(ERP导入清单!D:D,IFERROR(MATCH(4,ERP导入清单!$X$5:$X$204,0)+4,""))) -> 合肥荣事达太阳能有限公司 | E8: =IF(COUNTIF(ERP导入清单!$X$5:$X$204,4)=0,"",INDEX(ERP导入清单!E:E,IFERROR(MATCH(4,ERP导入清单!$X$5:$X$204,0)+4,""))) -> C型15P | F8: =IF(COUNTIF(ERP导入清单!$X$5:$X$204,4)=0,"",INDEX(ERP导入清单!F:F,IFERROR(MATCH(4,ERP导入清单!$X$5:$X$204,0)+4,""))) -> 组件 | G8: =IF(COUNTIF(ERP导入清单!$X$5:$X$204,4)=0,"",INDEX(ERP导入清单!G:G,IFERROR(MATCH(4,ERP导入清单!$X$5:$X$204,0)+4,""))) -> 4 | H8: =IF(COUNTIF(ERP导入清单!$X$5:$X$204,4)=0,"",INDEX(ERP导入清单!H:H,IFERROR(MATCH(4,ERP导入清单!$X$5:$X$204,0)+4,""))) -> 通用件 | I8: =IF(COUNTIF(ERP导入清单!$X$5:$X$204,4)=0,"",INDEX(ERP导入清单!I:I,IFERROR(MATCH(4,ERP导入清单!$X$5:$X$204,0)+4,""))) -> C001 | J8: =IF(COUNTIF(ERP导入清单!$X$5:$X$204,4)=0,"",INDEX(ERP导入清单!J:J,IFERROR(MATCH(4,ERP导入清单!$X$5:$X$204,0)+4,""))) | K8: =IF(COUNTIF(ERP导入清单!$X$5:$X$204,4)=0,"",INDEX(ERP导入清单!K:K,IFERROR(MATCH(4,ERP导入清单!$X$5:$X$204,0)+4,""))) -> RS10701020216 | L8: =IF(COUNTIF(ERP导入清单!$X$5:$X$204,4)=0,"",INDEX(ERP导入清单!L:L,IFERROR(MATCH(4,ERP导入清单!$X$5:$X$204,0)+4,""))) -> RBKS-300DBII-10-30 | M8: =IF(COUNTIF(ERP导入清单!$X$5:$X$204,4)=0,"",INDEX(ERP导入清单!M:M,IFERROR(MATCH(4,ERP导入清单!$X$5:$X$204,0)+4,""))) -> 风机支架组件 | N8: =IF(COUNTIF(ERP导入清单!$X$5:$X$204,4)=0,"",INDEX(ERP导入清单!N:N,IFERROR(MATCH(4,ERP导入清单!$X$5:$X$204,0)+4,""))) -> 0 | O8: =IF(COUNTIF(ERP导入清单!$X$5:$X$204,4)=0,"",INDEX(ERP导入清单!O:O,IFERROR(MATCH(4,ERP导入清单!$X$5:$X$204,0)+4,""))) -> 2mm | P8: =IF(COUNTIF(ERP导入清单!$X$5:$X$204,4)=0,"",INDEX(ERP导入清单!P:P,IFERROR(MATCH(4,ERP导入清单!$X$5:$X$204,0)+4,""))) -> 16 | Q8: =IF(COUNTIF(ERP导入清单!$X$5:$X$204,4)=0,"",INDEX(ERP导入清单!Q:Q,IFERROR(MATCH(4,ERP导入清单!$X$5:$X$204,0)+4,""))) -> 1 | R8: =IF(COUNTIF(ERP导入清单!$X$5:$X$204,4)=0,"",INDEX(ERP导入清单!R:R,IFERROR(MATCH(4,ERP导入清单!$X$5:$X$204,0)+4,""))) -> 16 | S8: =IF(COUNTIF(ERP导入清单!$X$5:$X$204,4)=0,"",INDEX(ERP导入清单!S:S,IFERROR(MATCH(4,ERP导入清单!$X$5:$X$204,0)+4,""))) -> 套 | T8: =IF(COUNTIF(ERP导入清单!$X$5:$X$204,4)=0,"",INDEX(ERP导入清单!T:T,IFERROR(MATCH(4,ERP导入清单!$X$5:$X$204,0)+4,""))) -> 装配 | U8: =IF(COUNTIF(ERP导入清单!$X$5:$X$204,4)=0,"",INDEX(ERP导入清单!U:U,IFERROR(MATCH(4,ERP导入清单!$X$5:$X$204,0)+4,""))) -> 螺丝组装，百胜样机款 | V8: =IF(COUNTIF(ERP导入清单!$X$5:$X$204,4)=0,"",INDEX(ERP导入清单!V:V,IFERROR(MATCH(4,ERP导入清单!$X$5:$X$204,0)+4,""))) -> 0 | W8: =IF(COUNTIF(ERP导入清单!$X$5:$X$204,4)=0,"",INDEX(ERP导入清单!W:W,IFERROR(MATCH(4,ERP导入清单!$X$5:$X$204,0)+4,""))) -> 旧图
A9: =IF(COUNTIF(ERP导入清单!$X$5:$X$204,5)=0,"",INDEX(ERP导入清单!A:A,IFERROR(MATCH(5,ERP导入清单!$X$5:$X$204,0)+4,""))) -> 1 | B9: =IF(COUNTIF(ERP导入清单!$X$5:$X$204,5)=0,"",INDEX(ERP导入清单!B:B,IFERROR(MATCH(5,ERP导入清单!$X$5:$X$204,0)+4,""))) -> RSD-20260510-001 | C9: =IF(COUNTIF(ERP导入清单!$X$5:$X$204,5)=0,"",INDEX(ERP导入清单!C:C,IFERROR(MATCH(5,ERP导入清单!$X$5:$X$204,0)+4,""))) -> 46126 | D9: =IF(COUNTIF(ERP导入清单!$X$5:$X$204,5)=0,"",INDEX(ERP导入清单!D:D,IFERROR(MATCH(5,ERP导入清单!$X$5:$X$204,0)+4,""))) -> 合肥荣事达太阳能有限公司 | E9: =IF(COUNTIF(ERP导入清单!$X$5:$X$204,5)=0,"",INDEX(ERP导入清单!E:E,IFERROR(MATCH(5,ERP导入清单!$X$5:$X$204,0)+4,""))) -> C型15P | F9: =IF(COUNTIF(ERP导入清单!$X$5:$X$204,5)=0,"",INDEX(ERP导入清单!F:F,IFERROR(MATCH(5,ERP导入清单!$X$5:$X$204,0)+4,""))) -> 零件 | G9: =IF(COUNTIF(ERP导入清单!$X$5:$X$204,5)=0,"",INDEX(ERP导入清单!G:G,IFERROR(MATCH(5,ERP导入清单!$X$5:$X$204,0)+4,""))) -> 4.1 | H9: =IF(COUNTIF(ERP导入清单!$X$5:$X$204,5)=0,"",INDEX(ERP导入清单!H:H,IFERROR(MATCH(5,ERP导入清单!$X$5:$X$204,0)+4,""))) -> 通用件 | I9: =IF(COUNTIF(ERP导入清单!$X$5:$X$204,5)=0,"",INDEX(ERP导入清单!I:I,IFERROR(MATCH(5,ERP导入清单!$X$5:$X$204,0)+4,""))) | J9: =IF(COUNTIF(ERP导入清单!$X$5:$X$204,5)=0,"",INDEX(ERP导入清单!J:J,IFERROR(MATCH(5,ERP导入清单!$X$5:$X$204,0)+4,""))) -> C001 | K9: =IF(COUNTIF(ERP导入清单!$X$5:$X$204,5)=0,"",INDEX(ERP导入清单!K:K,IFERROR(MATCH(5,ERP导入清单!$X$5:$X$204,0)+4,""))) -> 0 | L9: =IF(COUNTIF(ERP导入清单!$X$5:$X$204,5)=0,"",INDEX(ERP导入清单!L:L,IFERROR(MATCH(5,ERP导入清单!$X$5:$X$204,0)+4,""))) -> RLKS-300DBII-10-30-B | M9: =IF(COUNTIF(ERP导入清单!$X$5:$X$204,5)=0,"",INDEX(ERP导入清单!M:M,IFERROR(MATCH(5,ERP导入清单!$X$5:$X$204,0)+4,""))) -> 风机支架折弯件 | N9: =IF(COUNTIF(ERP导入清单!$X$5:$X$204,5)=0,"",INDEX(ERP导入清单!N:N,IFERROR(MATCH(5,ERP导入清单!$X$5:$X$204,0)+4,""))) -> 0 | O9: =IF(COUNTIF(ERP导入清单!$X$5:$X$204,5)=0,"",INDEX(ERP导入清单!O:O,IFERROR(MATCH(5,ERP导入清单!$X$5:$X$204,0)+4,""))) -> 2mm | P9: =IF(COUNTIF(ERP导入清单!$X$5:$X$204,5)=0,"",INDEX(ERP导入清单!P:P,IFERROR(MATCH(5,ERP导入清单!$X$5:$X$204,0)+4,""))) -> 0 | Q9: =IF(COUNTIF(ERP导入清单!$X$5:$X$204,5)=0,"",INDEX(ERP导入清单!Q:Q,IFERROR(MATCH(5,ERP导入清单!$X$5:$X$204,0)+4,""))) -> 1 | R9: =IF(COUNTIF(ERP导入清单!$X$5:$X$204,5)=0,"",INDEX(ERP导入清单!R:R,IFERROR(MATCH(5,ERP导入清单!$X$5:$X$204,0)+4,""))) -> 16 | S9: =IF(COUNTIF(ERP导入清单!$X$5:$X$204,5)=0,"",INDEX(ERP导入清单!S:S,IFERROR(MATCH(5,ERP导入清单!$X$5:$X$204,0)+4,""))) -> 件 | T9: =IF(COUNTIF(ERP导入清单!$X$5:$X$204,5)=0,"",INDEX(ERP导入清单!T:T,IFERROR(MATCH(5,ERP导入清单!$X$5:$X$204,0)+4,""))) -> 激光切割>折弯 | U9: =IF(COUNTIF(ERP导入清单!$X$5:$X$204,5)=0,"",INDEX(ERP导入清单!U:U,IFERROR(MATCH(5,ERP导入清单!$X$5:$X$204,0)+4,""))) -> 组件 C001 的子件 | V9: =IF(COUNTIF(ERP导入清单!$X$5:$X$204,5)=0,"",INDEX(ERP导入清单!V:V,IFERROR(MATCH(5,ERP导入清单!$X$5:$X$204,0)+4,""))) -> 0 | W9: =IF(COUNTIF(ERP导入清单!$X$5:$X$204,5)=0,"",INDEX(ERP导入清单!W:W,IFERROR(MATCH(5,ERP导入清单!$X$5:$X$204,0)+4,""))) -> 旧图
A10: =IF(COUNTIF(ERP导入清单!$X$5:$X$204,6)=0,"",INDEX(ERP导入清单!A:A,IFERROR(MATCH(6,ERP导入清单!$X$5:$X$204,0)+4,""))) -> 1 | B10: =IF(COUNTIF(ERP导入清单!$X$5:$X$204,6)=0,"",INDEX(ERP导入清单!B:B,IFERROR(MATCH(6,ERP导入清单!$X$5:$X$204,0)+4,""))) -> RSD-20260510-001 | C10: =IF(COUNTIF(ERP导入清单!$X$5:$X$204,6)=0,"",INDEX(ERP导入清单!C:C,IFERROR(MATCH(6,ERP导入清单!$X$5:$X$204,0)+4,""))) -> 46126 | D10: =IF(COUNTIF(ERP导入清单!$X$5:$X$204,6)=0,"",INDEX(ERP导入清单!D:D,IFERROR(MATCH(6,ERP导入清单!$X$5:$X$204,0)+4,""))) -> 合肥荣事达太阳能有限公司 | E10: =IF(COUNTIF(ERP导入清单!$X$5:$X$204,6)=0,"",INDEX(ERP导入清单!E:E,IFERROR(MATCH(6,ERP导入清单!$X$5:$X$204,0)+4,""))) -> C型15P | F10: =IF(COUNTIF(ERP导入清单!$X$5:$X$204,6)=0,"",INDEX(ERP导入清单!F:F,IFERROR(MATCH(6,ERP导入清单!$X$5:$X$204,0)+4,""))) -> 零件 | G10: =IF(COUNTIF(ERP导入清单!$X$5:$X$204,6)=0,"",INDEX(ERP导入清单!G:G,IFERROR(MATCH(6,ERP导入清单!$X$5:$X$204,0)+4,""))) -> 4.2 | H10: =IF(COUNTIF(ERP导入清单!$X$5:$X$204,6)=0,"",INDEX(ERP导入清单!H:H,IFERROR(MATCH(6,ERP导入清单!$X$5:$X$204,0)+4,""))) -> 通用件 | I10: =IF(COUNTIF(ERP导入清单!$X$5:$X$204,6)=0,"",INDEX(ERP导入清单!I:I,IFERROR(MATCH(6,ERP导入清单!$X$5:$X$204,0)+4,""))) | J10: =IF(COUNTIF(ERP导入清单!$X$5:$X$204,6)=0,"",INDEX(ERP导入清单!J:J,IFERROR(MATCH(6,ERP导入清单!$X$5:$X$204,0)+4,""))) -> C001 | K10: =IF(COUNTIF(ERP导入清单!$X$5:$X$204,6)=0,"",INDEX(ERP导入清单!K:K,IFERROR(MATCH(6,ERP导入清单!$X$5:$X$204,0)+4,""))) -> 0 | L10: =IF(COUNTIF(ERP导入清单!$X$5:$X$204,6)=0,"",INDEX(ERP导入清单!L:L,IFERROR(MATCH(6,ERP导入清单!$X$5:$X$204,0)+4,""))) -> RBKS-300DBII-10-30-05 | M10: =IF(COUNTIF(ERP导入清单!$X$5:$X$204,6)=0,"",INDEX(ERP导入清单!M:M,IFERROR(MATCH(6,ERP导入清单!$X$5:$X$204,0)+4,""))) -> 机架加强板 | N10: =IF(COUNTIF(ERP导入清单!$X$5:$X$204,6)=0,"",INDEX(ERP导入清单!N:N,IFERROR(MATCH(6,ERP导入清单!$X$5:$X$204,0)+4,""))) -> 0 | O10: =IF(COUNTIF(ERP导入清单!$X$5:$X$204,6)=0,"",INDEX(ERP导入清单!O:O,IFERROR(MATCH(6,ERP导入清单!$X$5:$X$204,0)+4,""))) -> 1mm | P10: =IF(COUNTIF(ERP导入清单!$X$5:$X$204,6)=0,"",INDEX(ERP导入清单!P:P,IFERROR(MATCH(6,ERP导入清单!$X$5:$X$204,0)+4,""))) -> 0 | Q10: =IF(COUNTIF(ERP导入清单!$X$5:$X$204,6)=0,"",INDEX(ERP导入清单!Q:Q,IFERROR(MATCH(6,ERP导入清单!$X$5:$X$204,0)+4,""))) -> 1 | R10: =IF(COUNTIF(ERP导入清单!$X$5:$X$204,6)=0,"",INDEX(ERP导入清单!R:R,IFERROR(MATCH(6,ERP导入清单!$X$5:$X$204,0)+4,""))) -> 16 | S10: =IF(COUNTIF(ERP导入清单!$X$5:$X$204,6)=0,"",INDEX(ERP导入清单!S:S,IFERROR(MATCH(6,ERP导入清单!$X$5:$X$204,0)+4,""))) -> 件 | T10: =IF(COUNTIF(ERP导入清单!$X$5:$X$204,6)=0,"",INDEX(ERP导入清单!T:T,IFERROR(MATCH(6,ERP导入清单!$X$5:$X$204,0)+4,""))) -> 激光切割 | U10: =IF(COUNTIF(ERP导入清单!$X$5:$X$204,6)=0,"",INDEX(ERP导入清单!U:U,IFERROR(MATCH(6,ERP导入清单!$X$5:$X$204,0)+4,""))) -> 模具成型，百胜样机款 | V10: =IF(COUNTIF(ERP导入清单!$X$5:$X$204,6)=0,"",INDEX(ERP导入清单!V:V,IFERROR(MATCH(6,ERP导入清单!$X$5:$X$204,0)+4,""))) -> 0 | W10: =IF(COUNTIF(ERP导入清单!$X$5:$X$204,6)=0,"",INDEX(ERP导入清单!W:W,IFERROR(MATCH(6,ERP导入清单!$X$5:$X$204,0)+4,""))) -> 旧图
A11: =IF(COUNTIF(ERP导入清单!$X$5:$X$204,7)=0,"",INDEX(ERP导入清单!A:A,IFERROR(MATCH(7,ERP导入清单!$X$5:$X$204,0)+4,""))) -> 1 | B11: =IF(COUNTIF(ERP导入清单!$X$5:$X$204,7)=0,"",INDEX(ERP导入清单!B:B,IFERROR(MATCH(7,ERP导入清单!$X$5:$X$204,0)+4,""))) -> RSD-20260510-001 | C11: =IF(COUNTIF(ERP导入清单!$X$5:$X$204,7)=0,"",INDEX(ERP导入清单!C:C,IFERROR(MATCH(7,ERP导入清单!$X$5:$X$204,0)+4,""))) -> 46126 | D11: =IF(COUNTIF(ERP导入清单!$X$5:$X$204,7)=0,"",INDEX(ERP导入清单!D:D,IFERROR(MATCH(7,ERP导入清单!$X$5:$X$204,0)+4,""))) -> 合肥荣事达太阳能有限公司 | E11: =IF(COUNTIF(ERP导入清单!$X$5:$X$204,7)=0,"",INDEX(ERP导入清单!E:E,IFERROR(MATCH(7,ERP导入清单!$X$5:$X$204,0)+4,""))) -> C型15P | F11: =IF(COUNTIF(ERP导入清单!$X$5:$X$204,7)=0,"",INDEX(ERP导入清单!F:F,IFERROR(MATCH(7,ERP导入清单!$X$5:$X$204,0)+4,""))) -> 组件 | G11: =IF(COUNTIF(ERP导入清单!$X$5:$X$204,7)=0,"",INDEX(ERP导入清单!G:G,IFERROR(MATCH(7,ERP导入清单!$X$5:$X$204,0)+4,""))) -> 5 | H11: =IF(COUNTIF(ERP导入清单!$X$5:$X$204,7)=0,"",INDEX(ERP导入清单!H:H,IFERROR(MATCH(7,ERP导入清单!$X$5:$X$204,0)+4,""))) -> 定制件 | I11: =IF(COUNTIF(ERP导入清单!$X$5:$X$204,7)=0,"",INDEX(ERP导入清单!I:I,IFERROR(MATCH(7,ERP导入清单!$X$5:$X$204,0)+4,""))) -> C002 | J11: =IF(COUNTIF(ERP导入清单!$X$5:$X$204,7)=0,"",INDEX(ERP导入清单!J:J,IFERROR(MATCH(7,ERP导入清单!$X$5:$X$204,0)+4,""))) | K11: =IF(COUNTIF(ERP导入清单!$X$5:$X$204,7)=0,"",INDEX(ERP导入清单!K:K,IFERROR(MATCH(7,ERP导入清单!$X$5:$X$204,0)+4,""))) -> RS10701010142 | L11: =IF(COUNTIF(ERP导入清单!$X$5:$X$204,7)=0,"",INDEX(ERP导入清单!L:L,IFERROR(MATCH(7,ERP导入清单!$X$5:$X$204,0)+4,""))) -> RBKS-300DBII-10-00 | M11: =IF(COUNTIF(ERP导入清单!$X$5:$X$204,7)=0,"",INDEX(ERP导入清单!M:M,IFERROR(MATCH(7,ERP导入清单!$X$5:$X$204,0)+4,""))) -> 底盘组件（激光割） | N11: =IF(COUNTIF(ERP导入清单!$X$5:$X$204,7)=0,"",INDEX(ERP导入清单!N:N,IFERROR(MATCH(7,ERP导入清单!$X$5:$X$204,0)+4,""))) -> 0 | O11: =IF(COUNTIF(ERP导入清单!$X$5:$X$204,7)=0,"",INDEX(ERP导入清单!O:O,IFERROR(MATCH(7,ERP导入清单!$X$5:$X$204,0)+4,""))) -> 2mm | P11: =IF(COUNTIF(ERP导入清单!$X$5:$X$204,7)=0,"",INDEX(ERP导入清单!P:P,IFERROR(MATCH(7,ERP导入清单!$X$5:$X$204,0)+4,""))) -> 16 | Q11: =IF(COUNTIF(ERP导入清单!$X$5:$X$204,7)=0,"",INDEX(ERP导入清单!Q:Q,IFERROR(MATCH(7,ERP导入清单!$X$5:$X$204,0)+4,""))) -> 1 | R11: =IF(COUNTIF(ERP导入清单!$X$5:$X$204,7)=0,"",INDEX(ERP导入清单!R:R,IFERROR(MATCH(7,ERP导入清单!$X$5:$X$204,0)+4,""))) -> 16 | S11: =IF(COUNTIF(ERP导入清单!$X$5:$X$204,7)=0,"",INDEX(ERP导入清单!S:S,IFERROR(MATCH(7,ERP导入清单!$X$5:$X$204,0)+4,""))) -> 套 | T11: =IF(COUNTIF(ERP导入清单!$X$5:$X$204,7)=0,"",INDEX(ERP导入清单!T:T,IFERROR(MATCH(7,ERP导入清单!$X$5:$X$204,0)+4,""))) -> 激光切割>焊接>装配 | U11: =IF(COUNTIF(ERP导入清单!$X$5:$X$204,7)=0,"",INDEX(ERP导入清单!U:U,IFERROR(MATCH(7,ERP导入清单!$X$5:$X$204,0)+4,""))) -> 点5个电热丝固定卡，割孔，焊螺丝 | V11: =IF(COUNTIF(ERP导入清单!$X$5:$X$204,7)=0,"",INDEX(ERP导入清单!V:V,IFERROR(MATCH(7,ERP导入清单!$X$5:$X$204,0)+4,""))) -> 45247 | W11: =IF(COUNTIF(ERP导入清单!$X$5:$X$204,7)=0,"",INDEX(ERP导入清单!W:W,IFERROR(MATCH(7,ERP导入清单!$X$5:$X$204,0)+4,""))) -> 旧图
A12: =IF(COUNTIF(ERP导入清单!$X$5:$X$204,8)=0,"",INDEX(ERP导入清单!A:A,IFERROR(MATCH(8,ERP导入清单!$X$5:$X$204,0)+4,""))) -> 1 | B12: =IF(COUNTIF(ERP导入清单!$X$5:$X$204,8)=0,"",INDEX(ERP导入清单!B:B,IFERROR(MATCH(8,ERP导入清单!$X$5:$X$204,0)+4,""))) -> RSD-20260510-001 | C12: =IF(COUNTIF(ERP导入清单!$X$5:$X$204,8)=0,"",INDEX(ERP导入清单!C:C,IFERROR(MATCH(8,ERP导入清单!$X$5:$X$204,0)+4,""))) -> 46126 | D12: =IF(COUNTIF(ERP导入清单!$X$5:$X$204,8)=0,"",INDEX(ERP导入清单!D:D,IFERROR(MATCH(8,ERP导入清单!$X$5:$X$204,0)+4,""))) -> 合肥荣事达太阳能有限公司 | E12: =IF(COUNTIF(ERP导入清单!$X$5:$X$204,8)=0,"",INDEX(ERP导入清单!E:E,IFERROR(MATCH(8,ERP导入清单!$X$5:$X$204,0)+4,""))) -> C型15P | F12: =IF(COUNTIF(ERP导入清单!$X$5:$X$204,8)=0,"",INDEX(ERP导入清单!F:F,IFERROR(MATCH(8,ERP导入清单!$X$5:$X$204,0)+4,""))) -> 零件 | G12: =IF(COUNTIF(ERP导入清单!$X$5:$X$204,8)=0,"",INDEX(ERP导入清单!G:G,IFERROR(MATCH(8,ERP导入清单!$X$5:$X$204,0)+4,""))) -> 5.1 | H12: =IF(COUNTIF(ERP导入清单!$X$5:$X$204,8)=0,"",INDEX(ERP导入清单!H:H,IFERROR(MATCH(8,ERP导入清单!$X$5:$X$204,0)+4,""))) -> 定制件 | I12: =IF(COUNTIF(ERP导入清单!$X$5:$X$204,8)=0,"",INDEX(ERP导入清单!I:I,IFERROR(MATCH(8,ERP导入清单!$X$5:$X$204,0)+4,""))) | J12: =IF(COUNTIF(ERP导入清单!$X$5:$X$204,8)=0,"",INDEX(ERP导入清单!J:J,IFERROR(MATCH(8,ERP导入清单!$X$5:$X$204,0)+4,""))) -> C002 | K12: =IF(COUNTIF(ERP导入清单!$X$5:$X$204,8)=0,"",INDEX(ERP导入清单!K:K,IFERROR(MATCH(8,ERP导入清单!$X$5:$X$204,0)+4,""))) -> 0 | L12: =IF(COUNTIF(ERP导入清单!$X$5:$X$204,8)=0,"",INDEX(ERP导入清单!L:L,IFERROR(MATCH(8,ERP导入清单!$X$5:$X$204,0)+4,""))) -> RBKS-300DBII-10-00-A | M12: =IF(COUNTIF(ERP导入清单!$X$5:$X$204,8)=0,"",INDEX(ERP导入清单!M:M,IFERROR(MATCH(8,ERP导入清单!$X$5:$X$204,0)+4,""))) -> 底盘板 | N12: =IF(COUNTIF(ERP导入清单!$X$5:$X$204,8)=0,"",INDEX(ERP导入清单!N:N,IFERROR(MATCH(8,ERP导入清单!$X$5:$X$204,0)+4,""))) -> 0 | O12: =IF(COUNTIF(ERP导入清单!$X$5:$X$204,8)=0,"",INDEX(ERP导入清单!O:O,IFERROR(MATCH(8,ERP导入清单!$X$5:$X$204,0)+4,""))) -> 2mm | P12: =IF(COUNTIF(ERP导入清单!$X$5:$X$204,8)=0,"",INDEX(ERP导入清单!P:P,IFERROR(MATCH(8,ERP导入清单!$X$5:$X$204,0)+4,""))) -> 0 | Q12: =IF(COUNTIF(ERP导入清单!$X$5:$X$204,8)=0,"",INDEX(ERP导入清单!Q:Q,IFERROR(MATCH(8,ERP导入清单!$X$5:$X$204,0)+4,""))) -> 1 | R12: =IF(COUNTIF(ERP导入清单!$X$5:$X$204,8)=0,"",INDEX(ERP导入清单!R:R,IFERROR(MATCH(8,ERP导入清单!$X$5:$X$204,0)+4,""))) -> 16 | S12: =IF(COUNTIF(ERP导入清单!$X$5:$X$204,8)=0,"",INDEX(ERP导入清单!S:S,IFERROR(MATCH(8,ERP导入清单!$X$5:$X$204,0)+4,""))) -> 件 | T12: =IF(COUNTIF(ERP导入清单!$X$5:$X$204,8)=0,"",INDEX(ERP导入清单!T:T,IFERROR(MATCH(8,ERP导入清单!$X$5:$X$204,0)+4,""))) -> 激光切割 | U12: =IF(COUNTIF(ERP导入清单!$X$5:$X$204,8)=0,"",INDEX(ERP导入清单!U:U,IFERROR(MATCH(8,ERP导入清单!$X$5:$X$204,0)+4,""))) -> 小孔，割3-Φ3.2孔 | V12: =IF(COUNTIF(ERP导入清单!$X$5:$X$204,8)=0,"",INDEX(ERP导入清单!V:V,IFERROR(MATCH(8,ERP导入清单!$X$5:$X$204,0)+4,""))) -> 0 | W12: =IF(COUNTIF(ERP导入清单!$X$5:$X$204,8)=0,"",INDEX(ERP导入清单!W:W,IFERROR(MATCH(8,ERP导入清单!$X$5:$X$204,0)+4,""))) -> 待确认
A13: =IF(COUNTIF(ERP导入清单!$X$5:$X$204,9)=0,"",INDEX(ERP导入清单!A:A,IFERROR(MATCH(9,ERP导入清单!$X$5:$X$204,0)+4,""))) -> 1 | B13: =IF(COUNTIF(ERP导入清单!$X$5:$X$204,9)=0,"",INDEX(ERP导入清单!B:B,IFERROR(MATCH(9,ERP导入清单!$X$5:$X$204,0)+4,""))) -> RSD-20260510-001 | C13: =IF(COUNTIF(ERP导入清单!$X$5:$X$204,9)=0,"",INDEX(ERP导入清单!C:C,IFERROR(MATCH(9,ERP导入清单!$X$5:$X$204,0)+4,""))) -> 46126 | D13: =IF(COUNTIF(ERP导入清单!$X$5:$X$204,9)=0,"",INDEX(ERP导入清单!D:D,IFERROR(MATCH(9,ERP导入清单!$X$5:$X$204,0)+4,""))) -> 合肥荣事达太阳能有限公司 | E13: =IF(COUNTIF(ERP导入清单!$X$5:$X$204,9)=0,"",INDEX(ERP导入清单!E:E,IFERROR(MATCH(9,ERP导入清单!$X$5:$X$204,0)+4,""))) -> C型15P | F13: =IF(COUNTIF(ERP导入清单!$X$5:$X$204,9)=0,"",INDEX(ERP导入清单!F:F,IFERROR(MATCH(9,ERP导入清单!$X$5:$X$204,0)+4,""))) -> 零件 | G13: =IF(COUNTIF(ERP导入清单!$X$5:$X$204,9)=0,"",INDEX(ERP导入清单!G:G,IFERROR(MATCH(9,ERP导入清单!$X$5:$X$204,0)+4,""))) -> 5.2 | H13: =IF(COUNTIF(ERP导入清单!$X$5:$X$204,9)=0,"",INDEX(ERP导入清单!H:H,IFERROR(MATCH(9,ERP导入清单!$X$5:$X$204,0)+4,""))) -> 定制件 | I13: =IF(COUNTIF(ERP导入清单!$X$5:$X$204,9)=0,"",INDEX(ERP导入清单!I:I,IFERROR(MATCH(9,ERP导入清单!$X$5:$X$204,0)+4,""))) | J13: =IF(COUNTIF(ERP导入清单!$X$5:$X$204,9)=0,"",INDEX(ERP导入清单!J:J,IFERROR(MATCH(9,ERP导入清单!$X$5:$X$204,0)+4,""))) -> C002 | K13: =IF(COUNTIF(ERP导入清单!$X$5:$X$204,9)=0,"",INDEX(ERP导入清单!K:K,IFERROR(MATCH(9,ERP导入清单!$X$5:$X$204,0)+4,""))) -> 0 | L13: =IF(COUNTIF(ERP导入清单!$X$5:$X$204,9)=0,"",INDEX(ERP导入清单!L:L,IFERROR(MATCH(9,ERP导入清单!$X$5:$X$204,0)+4,""))) -> RBKS-300DBII-10-00-B | M13: =IF(COUNTIF(ERP导入清单!$X$5:$X$204,9)=0,"",INDEX(ERP导入清单!M:M,IFERROR(MATCH(9,ERP导入清单!$X$5:$X$204,0)+4,""))) -> 底盘加强片 | N13: =IF(COUNTIF(ERP导入清单!$X$5:$X$204,9)=0,"",INDEX(ERP导入清单!N:N,IFERROR(MATCH(9,ERP导入清单!$X$5:$X$204,0)+4,""))) -> 0 | O13: =IF(COUNTIF(ERP导入清单!$X$5:$X$204,9)=0,"",INDEX(ERP导入清单!O:O,IFERROR(MATCH(9,ERP导入清单!$X$5:$X$204,0)+4,""))) -> 1.5mm | P13: =IF(COUNTIF(ERP导入清单!$X$5:$X$204,9)=0,"",INDEX(ERP导入清单!P:P,IFERROR(MATCH(9,ERP导入清单!$X$5:$X$204,0)+4,""))) -> 0 | Q13: =IF(COUNTIF(ERP导入清单!$X$5:$X$204,9)=0,"",INDEX(ERP导入清单!Q:Q,IFERROR(MATCH(9,ERP导入清单!$X$5:$X$204,0)+4,""))) -> 1 | R13: =IF(COUNTIF(ERP导入清单!$X$5:$X$204,9)=0,"",INDEX(ERP导入清单!R:R,IFERROR(MATCH(9,ERP导入清单!$X$5:$X$204,0)+4,""))) -> 16 | S13: =IF(COUNTIF(ERP导入清单!$X$5:$X$204,9)=0,"",INDEX(ERP导入清单!S:S,IFERROR(MATCH(9,ERP导入清单!$X$5:$X$204,0)+4,""))) -> 件 | T13: =IF(COUNTIF(ERP导入清单!$X$5:$X$204,9)=0,"",INDEX(ERP导入清单!T:T,IFERROR(MATCH(9,ERP导入清单!$X$5:$X$204,0)+4,""))) -> 激光切割>折弯 | U13: =IF(COUNTIF(ERP导入清单!$X$5:$X$204,9)=0,"",INDEX(ERP导入清单!U:U,IFERROR(MATCH(9,ERP导入清单!$X$5:$X$204,0)+4,""))) -> 焊2-M8x20螺丝 | V13: =IF(COUNTIF(ERP导入清单!$X$5:$X$204,9)=0,"",INDEX(ERP导入清单!V:V,IFERROR(MATCH(9,ERP导入清单!$X$5:$X$204,0)+4,""))) -> 0 | W13: =IF(COUNTIF(ERP导入清单!$X$5:$X$204,9)=0,"",INDEX(ERP导入清单!W:W,IFERROR(MATCH(9,ERP导入清单!$X$5:$X$204,0)+4,""))) -> 待确认
A14: =IF(COUNTIF(ERP导入清单!$X$5:$X$204,10)=0,"",INDEX(ERP导入清单!A:A,IFERROR(MATCH(10,ERP导入清单!$X$5:$X$204,0)+4,""))) -> 1 | B14: =IF(COUNTIF(ERP导入清单!$X$5:$X$204,10)=0,"",INDEX(ERP导入清单!B:B,IFERROR(MATCH(10,ERP导入清单!$X$5:$X$204,0)+4,""))) -> RSD-20260510-001 | C14: =IF(COUNTIF(ERP导入清单!$X$5:$X$204,10)=0,"",INDEX(ERP导入清单!C:C,IFERROR(MATCH(10,ERP导入清单!$X$5:$X$204,0)+4,""))) -> 46126 | D14: =IF(COUNTIF(ERP导入清单!$X$5:$X$204,10)=0,"",INDEX(ERP导入清单!D:D,IFERROR(MATCH(10,ERP导入清单!$X$5:$X$204,0)+4,""))) -> 合肥荣事达太阳能有限公司 | E14: =IF(COUNTIF(ERP导入清单!$X$5:$X$204,10)=0,"",INDEX(ERP导入清单!E:E,IFERROR(MATCH(10,ERP导入清单!$X$5:$X$204,0)+4,""))) -> C型15P | F14: =IF(COUNTIF(ERP导入清单!$X$5:$X$204,10)=0,"",INDEX(ERP导入清单!F:F,IFERROR(MATCH(10,ERP导入清单!$X$5:$X$204,0)+4,""))) -> 零件 | G14: =IF(COUNTIF(ERP导入清单!$X$5:$X$204,10)=0,"",INDEX(ERP导入清单!G:G,IFERROR(MATCH(10,ERP导入清单!$X$5:$X$204,0)+4,""))) -> 6 | H14: =IF(COUNTIF(ERP导入清单!$X$5:$X$204,10)=0,"",INDEX(ERP导入清单!H:H,IFERROR(MATCH(10,ERP导入清单!$X$5:$X$204,0)+4,""))) -> 外协件 | I14: =IF(COUNTIF(ERP导入清单!$X$5:$X$204,10)=0,"",INDEX(ERP导入清单!I:I,IFERROR(MATCH(10,ERP导入清单!$X$5:$X$204,0)+4,""))) | J14: =IF(COUNTIF(ERP导入清单!$X$5:$X$204,10)=0,"",INDEX(ERP导入清单!J:J,IFERROR(MATCH(10,ERP导入清单!$X$5:$X$204,0)+4,""))) | K14: =IF(COUNTIF(ERP导入清单!$X$5:$X$204,10)=0,"",INDEX(ERP导入清单!K:K,IFERROR(MATCH(10,ERP导入清单!$X$5:$X$204,0)+4,""))) -> RS10707010049 | L14: =IF(COUNTIF(ERP导入清单!$X$5:$X$204,10)=0,"",INDEX(ERP导入清单!L:L,IFERROR(MATCH(10,ERP导入清单!$X$5:$X$204,0)+4,""))) -> RBKS-300DBII-10-04 | M14: =IF(COUNTIF(ERP导入清单!$X$5:$X$204,10)=0,"",INDEX(ERP导入清单!M:M,IFERROR(MATCH(10,ERP导入清单!$X$5:$X$204,0)+4,""))) -> 网罩 | N14: =IF(COUNTIF(ERP导入清单!$X$5:$X$204,10)=0,"",INDEX(ERP导入清单!N:N,IFERROR(MATCH(10,ERP导入清单!$X$5:$X$204,0)+4,""))) -> 0 | O14: =IF(COUNTIF(ERP导入清单!$X$5:$X$204,10)=0,"",INDEX(ERP导入清单!O:O,IFERROR(MATCH(10,ERP导入清单!$X$5:$X$204,0)+4,""))) -> 0 | P14: =IF(COUNTIF(ERP导入清单!$X$5:$X$204,10)=0,"",INDEX(ERP导入清单!P:P,IFERROR(MATCH(10,ERP导入清单!$X$5:$X$204,0)+4,""))) -> 32 | Q14: =IF(COUNTIF(ERP导入清单!$X$5:$X$204,10)=0,"",INDEX(ERP导入清单!Q:Q,IFERROR(MATCH(10,ERP导入清单!$X$5:$X$204,0)+4,""))) -> 0 | R14: =IF(COUNTIF(ERP导入清单!$X$5:$X$204,10)=0,"",INDEX(ERP导入清单!R:R,IFERROR(MATCH(10,ERP导入清单!$X$5:$X$204,0)+4,""))) -> 32 | S14: =IF(COUNTIF(ERP导入清单!$X$5:$X$204,10)=0,"",INDEX(ERP导入清单!S:S,IFERROR(MATCH(10,ERP导入清单!$X$5:$X$204,0)+4,""))) -> 件 | T14: =IF(COUNTIF(ERP导入清单!$X$5:$X$204,10)=0,"",INDEX(ERP导入清单!T:T,IFERROR(MATCH(10,ERP导入清单!$X$5:$X$204,0)+4,""))) -> 0 | U14: =IF(COUNTIF(ERP导入清单!$X$5:$X$204,10)=0,"",INDEX(ERP导入清单!U:U,IFERROR(MATCH(10,ERP导入清单!$X$5:$X$204,0)+4,""))) -> 钢丝网 | V14: =IF(COUNTIF(ERP导入清单!$X$5:$X$204,10)=0,"",INDEX(ERP导入清单!V:V,IFERROR(MATCH(10,ERP导入清单!$X$5:$X$204,0)+4,""))) -> 0 | W14: =IF(COUNTIF(ERP导入清单!$X$5:$X$204,10)=0,"",INDEX(ERP导入清单!W:W,IFERROR(MATCH(10,ERP导入清单!$X$5:$X$204,0)+4,""))) -> 旧图
A15: =IF(COUNTIF(ERP导入清单!$X$5:$X$204,11)=0,"",INDEX(ERP导入清单!A:A,IFERROR(MATCH(11,ERP导入清单!$X$5:$X$204,0)+4,""))) -> 2 | B15: =IF(COUNTIF(ERP导入清单!$X$5:$X$204,11)=0,"",INDEX(ERP导入清单!B:B,IFERROR(MATCH(11,ERP导入清单!$X$5:$X$204,0)+4,""))) -> RSD-20260601-002 | C15: =IF(COUNTIF(ERP导入清单!$X$5:$X$204,11)=0,"",INDEX(ERP导入清单!C:C,IFERROR(MATCH(11,ERP导入清单!$X$5:$X$204,0)+4,""))) -> 46174 | D15: =IF(COUNTIF(ERP导入清单!$X$5:$X$204,11)=0,"",INDEX(ERP导入清单!D:D,IFERROR(MATCH(11,ERP导入清单!$X$5:$X$204,0)+4,""))) -> 合肥荣事达太阳能有限公司 | E15: =IF(COUNTIF(ERP导入清单!$X$5:$X$204,11)=0,"",INDEX(ERP导入清单!E:E,IFERROR(MATCH(11,ERP导入清单!$X$5:$X$204,0)+4,""))) -> B型5P | F15: =IF(COUNTIF(ERP导入清单!$X$5:$X$204,11)=0,"",INDEX(ERP导入清单!F:F,IFERROR(MATCH(11,ERP导入清单!$X$5:$X$204,0)+4,""))) -> 零件 | G15: =IF(COUNTIF(ERP导入清单!$X$5:$X$204,11)=0,"",INDEX(ERP导入清单!G:G,IFERROR(MATCH(11,ERP导入清单!$X$5:$X$204,0)+4,""))) -> 1 | H15: =IF(COUNTIF(ERP导入清单!$X$5:$X$204,11)=0,"",INDEX(ERP导入清单!H:H,IFERROR(MATCH(11,ERP导入清单!$X$5:$X$204,0)+4,""))) -> 通用件 | I15: =IF(COUNTIF(ERP导入清单!$X$5:$X$204,11)=0,"",INDEX(ERP导入清单!I:I,IFERROR(MATCH(11,ERP导入清单!$X$5:$X$204,0)+4,""))) | J15: =IF(COUNTIF(ERP导入清单!$X$5:$X$204,11)=0,"",INDEX(ERP导入清单!J:J,IFERROR(MATCH(11,ERP导入清单!$X$5:$X$204,0)+4,""))) | K15: =IF(COUNTIF(ERP导入清单!$X$5:$X$204,11)=0,"",INDEX(ERP导入清单!K:K,IFERROR(MATCH(11,ERP导入清单!$X$5:$X$204,0)+4,""))) -> RS10703222 | L15: =IF(COUNTIF(ERP导入清单!$X$5:$X$204,11)=0,"",INDEX(ERP导入清单!L:L,IFERROR(MATCH(11,ERP导入清单!$X$5:$X$204,0)+4,""))) -> B5机型物料号-10-50-01 | M15: =IF(COUNTIF(ERP导入清单!$X$5:$X$204,11)=0,"",INDEX(ERP导入清单!M:M,IFERROR(MATCH(11,ERP导入清单!$X$5:$X$204,0)+4,""))) -> 顶盖 | N15: =IF(COUNTIF(ERP导入清单!$X$5:$X$204,11)=0,"",INDEX(ERP导入清单!N:N,IFERROR(MATCH(11,ERP导入清单!$X$5:$X$204,0)+4,""))) -> 0 | O15: =IF(COUNTIF(ERP导入清单!$X$5:$X$204,11)=0,"",INDEX(ERP导入清单!O:O,IFERROR(MATCH(11,ERP导入清单!$X$5:$X$204,0)+4,""))) -> 1mm | P15: =IF(COUNTIF(ERP导入清单!$X$5:$X$204,11)=0,"",INDEX(ERP导入清单!P:P,IFERROR(MATCH(11,ERP导入清单!$X$5:$X$204,0)+4,""))) -> 16 | Q15: =IF(COUNTIF(ERP导入清单!$X$5:$X$204,11)=0,"",INDEX(ERP导入清单!Q:Q,IFERROR(MATCH(11,ERP导入清单!$X$5:$X$204,0)+4,""))) -> 0 | R15: =IF(COUNTIF(ERP导入清单!$X$5:$X$204,11)=0,"",INDEX(ERP导入清单!R:R,IFERROR(MATCH(11,ERP导入清单!$X$5:$X$204,0)+4,""))) -> 16 | S15: =IF(COUNTIF(ERP导入清单!$X$5:$X$204,11)=0,"",INDEX(ERP导入清单!S:S,IFERROR(MATCH(11,ERP导入清单!$X$5:$X$204,0)+4,""))) -> 件 | T15: =IF(COUNTIF(ERP导入清单!$X$5:$X$204,11)=0,"",INDEX(ERP导入清单!T:T,IFERROR(MATCH(11,ERP导入清单!$X$5:$X$204,0)+4,""))) -> 0 | U15: =IF(COUNTIF(ERP导入清单!$X$5:$X$204,11)=0,"",INDEX(ERP导入清单!U:U,IFERROR(MATCH(11,ERP导入清单!$X$5:$X$204,0)+4,""))) -> 百胜样机款 | V15: =IF(COUNTIF(ERP导入清单!$X$5:$X$204,11)=0,"",INDEX(ERP导入清单!V:V,IFERROR(MATCH(11,ERP导入清单!$X$5:$X$204,0)+4,""))) -> 0 | W15: =IF(COUNTIF(ERP导入清单!$X$5:$X$204,11)=0,"",INDEX(ERP导入清单!W:W,IFERROR(MATCH(11,ERP导入清单!$X$5:$X$204,0)+4,""))) -> 旧图
A16: =IF(COUNTIF(ERP导入清单!$X$5:$X$204,12)=0,"",INDEX(ERP导入清单!A:A,IFERROR(MATCH(12,ERP导入清单!$X$5:$X$204,0)+4,""))) -> 2 | B16: =IF(COUNTIF(ERP导入清单!$X$5:$X$204,12)=0,"",INDEX(ERP导入清单!B:B,IFERROR(MATCH(12,ERP导入清单!$X$5:$X$204,0)+4,""))) -> RSD-20260601-002 | C16: =IF(COUNTIF(ERP导入清单!$X$5:$X$204,12)=0,"",INDEX(ERP导入清单!C:C,IFERROR(MATCH(12,ERP导入清单!$X$5:$X$204,0)+4,""))) -> 46174 | D16: =IF(COUNTIF(ERP导入清单!$X$5:$X$204,12)=0,"",INDEX(ERP导入清单!D:D,IFERROR(MATCH(12,ERP导入清单!$X$5:$X$204,0)+4,""))) -> 合肥荣事达太阳能有限公司 | E16: =IF(COUNTIF(ERP导入清单!$X$5:$X$204,12)=0,"",INDEX(ERP导入清单!E:E,IFERROR(MATCH(12,ERP导入清单!$X$5:$X$204,0)+4,""))) -> B型5P | F16: =IF(COUNTIF(ERP导入清单!$X$5:$X$204,12)=0,"",INDEX(ERP导入清单!F:F,IFERROR(MATCH(12,ERP导入清单!$X$5:$X$204,0)+4,""))) -> 零件 | G16: =IF(COUNTIF(ERP导入清单!$X$5:$X$204,12)=0,"",INDEX(ERP导入清单!G:G,IFERROR(MATCH(12,ERP导入清单!$X$5:$X$204,0)+4,""))) -> 2 | H16: =IF(COUNTIF(ERP导入清单!$X$5:$X$204,12)=0,"",INDEX(ERP导入清单!H:H,IFERROR(MATCH(12,ERP导入清单!$X$5:$X$204,0)+4,""))) -> 通用件 | I16: =IF(COUNTIF(ERP导入清单!$X$5:$X$204,12)=0,"",INDEX(ERP导入清单!I:I,IFERROR(MATCH(12,ERP导入清单!$X$5:$X$204,0)+4,""))) | J16: =IF(COUNTIF(ERP导入清单!$X$5:$X$204,12)=0,"",INDEX(ERP导入清单!J:J,IFERROR(MATCH(12,ERP导入清单!$X$5:$X$204,0)+4,""))) | K16: =IF(COUNTIF(ERP导入清单!$X$5:$X$204,12)=0,"",INDEX(ERP导入清单!K:K,IFERROR(MATCH(12,ERP导入清单!$X$5:$X$204,0)+4,""))) -> RS1070103 | L16: =IF(COUNTIF(ERP导入清单!$X$5:$X$204,12)=0,"",INDEX(ERP导入清单!L:L,IFERROR(MATCH(12,ERP导入清单!$X$5:$X$204,0)+4,""))) -> B5机型物料号-10-01 | M16: =IF(COUNTIF(ERP导入清单!$X$5:$X$204,12)=0,"",INDEX(ERP导入清单!M:M,IFERROR(MATCH(12,ERP导入清单!$X$5:$X$204,0)+4,""))) -> 左侧封板 | N16: =IF(COUNTIF(ERP导入清单!$X$5:$X$204,12)=0,"",INDEX(ERP导入清单!N:N,IFERROR(MATCH(12,ERP导入清单!$X$5:$X$204,0)+4,""))) -> 0 | O16: =IF(COUNTIF(ERP导入清单!$X$5:$X$204,12)=0,"",INDEX(ERP导入清单!O:O,IFERROR(MATCH(12,ERP导入清单!$X$5:$X$204,0)+4,""))) -> 1mm | P16: =IF(COUNTIF(ERP导入清单!$X$5:$X$204,12)=0,"",INDEX(ERP导入清单!P:P,IFERROR(MATCH(12,ERP导入清单!$X$5:$X$204,0)+4,""))) -> 16 | Q16: =IF(COUNTIF(ERP导入清单!$X$5:$X$204,12)=0,"",INDEX(ERP导入清单!Q:Q,IFERROR(MATCH(12,ERP导入清单!$X$5:$X$204,0)+4,""))) -> 0 | R16: =IF(COUNTIF(ERP导入清单!$X$5:$X$204,12)=0,"",INDEX(ERP导入清单!R:R,IFERROR(MATCH(12,ERP导入清单!$X$5:$X$204,0)+4,""))) -> 16 | S16: =IF(COUNTIF(ERP导入清单!$X$5:$X$204,12)=0,"",INDEX(ERP导入清单!S:S,IFERROR(MATCH(12,ERP导入清单!$X$5:$X$204,0)+4,""))) -> 件 | T16: =IF(COUNTIF(ERP导入清单!$X$5:$X$204,12)=0,"",INDEX(ERP导入清单!T:T,IFERROR(MATCH(12,ERP导入清单!$X$5:$X$204,0)+4,""))) -> 激光切割>折弯 | U16: =IF(COUNTIF(ERP导入清单!$X$5:$X$204,12)=0,"",INDEX(ERP导入清单!U:U,IFERROR(MATCH(12,ERP导入清单!$X$5:$X$204,0)+4,""))) -> 百胜样机款 | V16: =IF(COUNTIF(ERP导入清单!$X$5:$X$204,12)=0,"",INDEX(ERP导入清单!V:V,IFERROR(MATCH(12,ERP导入清单!$X$5:$X$204,0)+4,""))) -> 0 | W16: =IF(COUNTIF(ERP导入清单!$X$5:$X$204,12)=0,"",INDEX(ERP导入清单!W:W,IFERROR(MATCH(12,ERP导入清单!$X$5:$X$204,0)+4,""))) -> 旧图
A17: =IF(COUNTIF(ERP导入清单!$X$5:$X$204,13)=0,"",INDEX(ERP导入清单!A:A,IFERROR(MATCH(13,ERP导入清单!$X$5:$X$204,0)+4,""))) -> 2 | B17: =IF(COUNTIF(ERP导入清单!$X$5:$X$204,13)=0,"",INDEX(ERP导入清单!B:B,IFERROR(MATCH(13,ERP导入清单!$X$5:$X$204,0)+4,""))) -> RSD-20260601-002 | C17: =IF(COUNTIF(ERP导入清单!$X$5:$X$204,13)=0,"",INDEX(ERP导入清单!C:C,IFERROR(MATCH(13,ERP导入清单!$X$5:$X$204,0)+4,""))) -> 46174 | D17: =IF(COUNTIF(ERP导入清单!$X$5:$X$204,13)=0,"",INDEX(ERP导入清单!D:D,IFERROR(MATCH(13,ERP导入清单!$X$5:$X$204,0)+4,""))) -> 合肥荣事达太阳能有限公司 | E17: =IF(COUNTIF(ERP导入清单!$X$5:$X$204,13)=0,"",INDEX(ERP导入清单!E:E,IFERROR(MATCH(13,ERP导入清单!$X$5:$X$204,0)+4,""))) -> B型5P | F17: =IF(COUNTIF(ERP导入清单!$X$5:$X$204,13)=0,"",INDEX(ERP导入清单!F:F,IFERROR(MATCH(13,ERP导入清单!$X$5:$X$204,0)+4,""))) -> 组件 | G17: =IF(COUNTIF(ERP导入清单!$X$5:$X$204,13)=0,"",INDEX(ERP导入清单!G:G,IFERROR(MATCH(13,ERP导入清单!$X$5:$X$204,0)+4,""))) -> 3 | H17: =IF(COUNTIF(ERP导入清单!$X$5:$X$204,13)=0,"",INDEX(ERP导入清单!H:H,IFERROR(MATCH(13,ERP导入清单!$X$5:$X$204,0)+4,""))) -> 通用件 | I17: =IF(COUNTIF(ERP导入清单!$X$5:$X$204,13)=0,"",INDEX(ERP导入清单!I:I,IFERROR(MATCH(13,ERP导入清单!$X$5:$X$204,0)+4,""))) -> C001 | J17: =IF(COUNTIF(ERP导入清单!$X$5:$X$204,13)=0,"",INDEX(ERP导入清单!J:J,IFERROR(MATCH(13,ERP导入清单!$X$5:$X$204,0)+4,""))) | K17: =IF(COUNTIF(ERP导入清单!$X$5:$X$204,13)=0,"",INDEX(ERP导入清单!K:K,IFERROR(MATCH(13,ERP导入清单!$X$5:$X$204,0)+4,""))) -> RS1071123 | L17: =IF(COUNTIF(ERP导入清单!$X$5:$X$204,13)=0,"",INDEX(ERP导入清单!L:L,IFERROR(MATCH(13,ERP导入清单!$X$5:$X$204,0)+4,""))) -> B5机型物料号-10-30 | M17: =IF(COUNTIF(ERP导入清单!$X$5:$X$204,13)=0,"",INDEX(ERP导入清单!M:M,IFERROR(MATCH(13,ERP导入清单!$X$5:$X$204,0)+4,""))) -> 风机支架组件 | N17: =IF(COUNTIF(ERP导入清单!$X$5:$X$204,13)=0,"",INDEX(ERP导入清单!N:N,IFERROR(MATCH(13,ERP导入清单!$X$5:$X$204,0)+4,""))) -> 0 | O17: =IF(COUNTIF(ERP导入清单!$X$5:$X$204,13)=0,"",INDEX(ERP导入清单!O:O,IFERROR(MATCH(13,ERP导入清单!$X$5:$X$204,0)+4,""))) -> 2mm | P17: =IF(COUNTIF(ERP导入清单!$X$5:$X$204,13)=0,"",INDEX(ERP导入清单!P:P,IFERROR(MATCH(13,ERP导入清单!$X$5:$X$204,0)+4,""))) -> 90 | Q17: =IF(COUNTIF(ERP导入清单!$X$5:$X$204,13)=0,"",INDEX(ERP导入清单!Q:Q,IFERROR(MATCH(13,ERP导入清单!$X$5:$X$204,0)+4,""))) -> 2 | R17: =IF(COUNTIF(ERP导入清单!$X$5:$X$204,13)=0,"",INDEX(ERP导入清单!R:R,IFERROR(MATCH(13,ERP导入清单!$X$5:$X$204,0)+4,""))) -> 180 | S17: =IF(COUNTIF(ERP导入清单!$X$5:$X$204,13)=0,"",INDEX(ERP导入清单!S:S,IFERROR(MATCH(13,ERP导入清单!$X$5:$X$204,0)+4,""))) -> 套 | T17: =IF(COUNTIF(ERP导入清单!$X$5:$X$204,13)=0,"",INDEX(ERP导入清单!T:T,IFERROR(MATCH(13,ERP导入清单!$X$5:$X$204,0)+4,""))) -> 装配 | U17: =IF(COUNTIF(ERP导入清单!$X$5:$X$204,13)=0,"",INDEX(ERP导入清单!U:U,IFERROR(MATCH(13,ERP导入清单!$X$5:$X$204,0)+4,""))) -> 组件本体 90 套，每套用 2 件 | V17: =IF(COUNTIF(ERP导入清单!$X$5:$X$204,13)=0,"",INDEX(ERP导入清单!V:V,IFERROR(MATCH(13,ERP导入清单!$X$5:$X$204,0)+4,""))) -> 0 | W17: =IF(COUNTIF(ERP导入清单!$X$5:$X$204,13)=0,"",INDEX(ERP导入清单!W:W,IFERROR(MATCH(13,ERP导入清单!$X$5:$X$204,0)+4,""))) -> 旧图
A18: =IF(COUNTIF(ERP导入清单!$X$5:$X$204,14)=0,"",INDEX(ERP导入清单!A:A,IFERROR(MATCH(14,ERP导入清单!$X$5:$X$204,0)+4,""))) -> 2 | B18: =IF(COUNTIF(ERP导入清单!$X$5:$X$204,14)=0,"",INDEX(ERP导入清单!B:B,IFERROR(MATCH(14,ERP导入清单!$X$5:$X$204,0)+4,""))) -> RSD-20260601-002 | C18: =IF(COUNTIF(ERP导入清单!$X$5:$X$204,14)=0,"",INDEX(ERP导入清单!C:C,IFERROR(MATCH(14,ERP导入清单!$X$5:$X$204,0)+4,""))) -> 46174 | D18: =IF(COUNTIF(ERP导入清单!$X$5:$X$204,14)=0,"",INDEX(ERP导入清单!D:D,IFERROR(MATCH(14,ERP导入清单!$X$5:$X$204,0)+4,""))) -> 合肥荣事达太阳能有限公司 | E18: =IF(COUNTIF(ERP导入清单!$X$5:$X$204,14)=0,"",INDEX(ERP导入清单!E:E,IFERROR(MATCH(14,ERP导入清单!$X$5:$X$204,0)+4,""))) -> B型5P | F18: =IF(COUNTIF(ERP导入清单!$X$5:$X$204,14)=0,"",INDEX(ERP导入清单!F:F,IFERROR(MATCH(14,ERP导入清单!$X$5:$X$204,0)+4,""))) -> 零件 | G18: =IF(COUNTIF(ERP导入清单!$X$5:$X$204,14)=0,"",INDEX(ERP导入清单!G:G,IFERROR(MATCH(14,ERP导入清单!$X$5:$X$204,0)+4,""))) -> 3.1 | H18: =IF(COUNTIF(ERP导入清单!$X$5:$X$204,14)=0,"",INDEX(ERP导入清单!H:H,IFERROR(MATCH(14,ERP导入清单!$X$5:$X$204,0)+4,""))) -> 通用件 | I18: =IF(COUNTIF(ERP导入清单!$X$5:$X$204,14)=0,"",INDEX(ERP导入清单!I:I,IFERROR(MATCH(14,ERP导入清单!$X$5:$X$204,0)+4,""))) | J18: =IF(COUNTIF(ERP导入清单!$X$5:$X$204,14)=0,"",INDEX(ERP导入清单!J:J,IFERROR(MATCH(14,ERP导入清单!$X$5:$X$204,0)+4,""))) -> C001 | K18: =IF(COUNTIF(ERP导入清单!$X$5:$X$204,14)=0,"",INDEX(ERP导入清单!K:K,IFERROR(MATCH(14,ERP导入清单!$X$5:$X$204,0)+4,""))) -> 0 | L18: =IF(COUNTIF(ERP导入清单!$X$5:$X$204,14)=0,"",INDEX(ERP导入清单!L:L,IFERROR(MATCH(14,ERP导入清单!$X$5:$X$204,0)+4,""))) -> B5机型物料号-10-30-B | M18: =IF(COUNTIF(ERP导入清单!$X$5:$X$204,14)=0,"",INDEX(ERP导入清单!M:M,IFERROR(MATCH(14,ERP导入清单!$X$5:$X$204,0)+4,""))) -> 风机支架折弯件 | N18: =IF(COUNTIF(ERP导入清单!$X$5:$X$204,14)=0,"",INDEX(ERP导入清单!N:N,IFERROR(MATCH(14,ERP导入清单!$X$5:$X$204,0)+4,""))) -> 0 | O18: =IF(COUNTIF(ERP导入清单!$X$5:$X$204,14)=0,"",INDEX(ERP导入清单!O:O,IFERROR(MATCH(14,ERP导入清单!$X$5:$X$204,0)+4,""))) -> 2mm | P18: =IF(COUNTIF(ERP导入清单!$X$5:$X$204,14)=0,"",INDEX(ERP导入清单!P:P,IFERROR(MATCH(14,ERP导入清单!$X$5:$X$204,0)+4,""))) -> 0 | Q18: =IF(COUNTIF(ERP导入清单!$X$5:$X$204,14)=0,"",INDEX(ERP导入清单!Q:Q,IFERROR(MATCH(14,ERP导入清单!$X$5:$X$204,0)+4,""))) -> 2 | R18: =IF(COUNTIF(ERP导入清单!$X$5:$X$204,14)=0,"",INDEX(ERP导入清单!R:R,IFERROR(MATCH(14,ERP导入清单!$X$5:$X$204,0)+4,""))) -> 360 | S18: =IF(COUNTIF(ERP导入清单!$X$5:$X$204,14)=0,"",INDEX(ERP导入清单!S:S,IFERROR(MATCH(14,ERP导入清单!$X$5:$X$204,0)+4,""))) -> 件 | T18: =IF(COUNTIF(ERP导入清单!$X$5:$X$204,14)=0,"",INDEX(ERP导入清单!T:T,IFERROR(MATCH(14,ERP导入清单!$X$5:$X$204,0)+4,""))) -> 激光切割>折弯 | U18: =IF(COUNTIF(ERP导入清单!$X$5:$X$204,14)=0,"",INDEX(ERP导入清单!U:U,IFERROR(MATCH(14,ERP导入清单!$X$5:$X$204,0)+4,""))) -> 按父组件需求数量×2 | V18: =IF(COUNTIF(ERP导入清单!$X$5:$X$204,14)=0,"",INDEX(ERP导入清单!V:V,IFERROR(MATCH(14,ERP导入清单!$X$5:$X$204,0)+4,""))) -> 0 | W18: =IF(COUNTIF(ERP导入清单!$X$5:$X$204,14)=0,"",INDEX(ERP导入清单!W:W,IFERROR(MATCH(14,ERP导入清单!$X$5:$X$204,0)+4,""))) -> 旧图
A19: =IF(COUNTIF(ERP导入清单!$X$5:$X$204,15)=0,"",INDEX(ERP导入清单!A:A,IFERROR(MATCH(15,ERP导入清单!$X$5:$X$204,0)+4,""))) -> 2 | B19: =IF(COUNTIF(ERP导入清单!$X$5:$X$204,15)=0,"",INDEX(ERP导入清单!B:B,IFERROR(MATCH(15,ERP导入清单!$X$5:$X$204,0)+4,""))) -> RSD-20260601-002 | C19: =IF(COUNTIF(ERP导入清单!$X$5:$X$204,15)=0,"",INDEX(ERP导入清单!C:C,IFERROR(MATCH(15,ERP导入清单!$X$5:$X$204,0)+4,""))) -> 46174 | D19: =IF(COUNTIF(ERP导入清单!$X$5:$X$204,15)=0,"",INDEX(ERP导入清单!D:D,IFERROR(MATCH(15,ERP导入清单!$X$5:$X$204,0)+4,""))) -> 合肥荣事达太阳能有限公司 | E19: =IF(COUNTIF(ERP导入清单!$X$5:$X$204,15)=0,"",INDEX(ERP导入清单!E:E,IFERROR(MATCH(15,ERP导入清单!$X$5:$X$204,0)+4,""))) -> B型5P | F19: =IF(COUNTIF(ERP导入清单!$X$5:$X$204,15)=0,"",INDEX(ERP导入清单!F:F,IFERROR(MATCH(15,ERP导入清单!$X$5:$X$204,0)+4,""))) -> 零件 | G19: =IF(COUNTIF(ERP导入清单!$X$5:$X$204,15)=0,"",INDEX(ERP导入清单!G:G,IFERROR(MATCH(15,ERP导入清单!$X$5:$X$204,0)+4,""))) -> 3.2 | H19: =IF(COUNTIF(ERP导入清单!$X$5:$X$204,15)=0,"",INDEX(ERP导入清单!H:H,IFERROR(MATCH(15,ERP导入清单!$X$5:$X$204,0)+4,""))) -> 通用件 | I19: =IF(COUNTIF(ERP导入清单!$X$5:$X$204,15)=0,"",INDEX(ERP导入清单!I:I,IFERROR(MATCH(15,ERP导入清单!$X$5:$X$204,0)+4,""))) | J19: =IF(COUNTIF(ERP导入清单!$X$5:$X$204,15)=0,"",INDEX(ERP导入清单!J:J,IFERROR(MATCH(15,ERP导入清单!$X$5:$X$204,0)+4,""))) -> C001 | K19: =IF(COUNTIF(ERP导入清单!$X$5:$X$204,15)=0,"",INDEX(ERP导入清单!K:K,IFERROR(MATCH(15,ERP导入清单!$X$5:$X$204,0)+4,""))) -> 0 | L19: =IF(COUNTIF(ERP导入清单!$X$5:$X$204,15)=0,"",INDEX(ERP导入清单!L:L,IFERROR(MATCH(15,ERP导入清单!$X$5:$X$204,0)+4,""))) -> B5机型物料号-10-30-05 | M19: =IF(COUNTIF(ERP导入清单!$X$5:$X$204,15)=0,"",INDEX(ERP导入清单!M:M,IFERROR(MATCH(15,ERP导入清单!$X$5:$X$204,0)+4,""))) -> 机架加强板 | N19: =IF(COUNTIF(ERP导入清单!$X$5:$X$204,15)=0,"",INDEX(ERP导入清单!N:N,IFERROR(MATCH(15,ERP导入清单!$X$5:$X$204,0)+4,""))) -> 0 | O19: =IF(COUNTIF(ERP导入清单!$X$5:$X$204,15)=0,"",INDEX(ERP导入清单!O:O,IFERROR(MATCH(15,ERP导入清单!$X$5:$X$204,0)+4,""))) -> 1mm | P19: =IF(COUNTIF(ERP导入清单!$X$5:$X$204,15)=0,"",INDEX(ERP导入清单!P:P,IFERROR(MATCH(15,ERP导入清单!$X$5:$X$204,0)+4,""))) -> 0 | Q19: =IF(COUNTIF(ERP导入清单!$X$5:$X$204,15)=0,"",INDEX(ERP导入清单!Q:Q,IFERROR(MATCH(15,ERP导入清单!$X$5:$X$204,0)+4,""))) -> 1 | R19: =IF(COUNTIF(ERP导入清单!$X$5:$X$204,15)=0,"",INDEX(ERP导入清单!R:R,IFERROR(MATCH(15,ERP导入清单!$X$5:$X$204,0)+4,""))) -> 180 | S19: =IF(COUNTIF(ERP导入清单!$X$5:$X$204,15)=0,"",INDEX(ERP导入清单!S:S,IFERROR(MATCH(15,ERP导入清单!$X$5:$X$204,0)+4,""))) -> 件 | T19: =IF(COUNTIF(ERP导入清单!$X$5:$X$204,15)=0,"",INDEX(ERP导入清单!T:T,IFERROR(MATCH(15,ERP导入清单!$X$5:$X$204,0)+4,""))) -> 激光切割 | U19: =IF(COUNTIF(ERP导入清单!$X$5:$X$204,15)=0,"",INDEX(ERP导入清单!U:U,IFERROR(MATCH(15,ERP导入清单!$X$5:$X$204,0)+4,""))) -> 按父组件需求数量×1 | V19: =IF(COUNTIF(ERP导入清单!$X$5:$X$204,15)=0,"",INDEX(ERP导入清单!V:V,IFERROR(MATCH(15,ERP导入清单!$X$5:$X$204,0)+4,""))) -> 0 | W19: =IF(COUNTIF(ERP导入清单!$X$5:$X$204,15)=0,"",INDEX(ERP导入清单!W:W,IFERROR(MATCH(15,ERP导入清单!$X$5:$X$204,0)+4,""))) -> 旧图
A20: =IF(COUNTIF(ERP导入清单!$X$5:$X$204,16)=0,"",INDEX(ERP导入清单!A:A,IFERROR(MATCH(16,ERP导入清单!$X$5:$X$204,0)+4,""))) -> 2 | B20: =IF(COUNTIF(ERP导入清单!$X$5:$X$204,16)=0,"",INDEX(ERP导入清单!B:B,IFERROR(MATCH(16,ERP导入清单!$X$5:$X$204,0)+4,""))) -> RSD-20260601-002 | C20: =IF(COUNTIF(ERP导入清单!$X$5:$X$204,16)=0,"",INDEX(ERP导入清单!C:C,IFERROR(MATCH(16,ERP导入清单!$X$5:$X$204,0)+4,""))) -> 46174 | D20: =IF(COUNTIF(ERP导入清单!$X$5:$X$204,16)=0,"",INDEX(ERP导入清单!D:D,IFERROR(MATCH(16,ERP导入清单!$X$5:$X$204,0)+4,""))) -> 合肥荣事达太阳能有限公司 | E20: =IF(COUNTIF(ERP导入清单!$X$5:$X$204,16)=0,"",INDEX(ERP导入清单!E:E,IFERROR(MATCH(16,ERP导入清单!$X$5:$X$204,0)+4,""))) -> B型5P | F20: =IF(COUNTIF(ERP导入清单!$X$5:$X$204,16)=0,"",INDEX(ERP导入清单!F:F,IFERROR(MATCH(16,ERP导入清单!$X$5:$X$204,0)+4,""))) -> 组件 | G20: =IF(COUNTIF(ERP导入清单!$X$5:$X$204,16)=0,"",INDEX(ERP导入清单!G:G,IFERROR(MATCH(16,ERP导入清单!$X$5:$X$204,0)+4,""))) -> 4 | H20: =IF(COUNTIF(ERP导入清单!$X$5:$X$204,16)=0,"",INDEX(ERP导入清单!H:H,IFERROR(MATCH(16,ERP导入清单!$X$5:$X$204,0)+4,""))) -> 定制件 | I20: =IF(COUNTIF(ERP导入清单!$X$5:$X$204,16)=0,"",INDEX(ERP导入清单!I:I,IFERROR(MATCH(16,ERP导入清单!$X$5:$X$204,0)+4,""))) -> C002 | J20: =IF(COUNTIF(ERP导入清单!$X$5:$X$204,16)=0,"",INDEX(ERP导入清单!J:J,IFERROR(MATCH(16,ERP导入清单!$X$5:$X$204,0)+4,""))) | K20: =IF(COUNTIF(ERP导入清单!$X$5:$X$204,16)=0,"",INDEX(ERP导入清单!K:K,IFERROR(MATCH(16,ERP导入清单!$X$5:$X$204,0)+4,""))) -> RS103 | L20: =IF(COUNTIF(ERP导入清单!$X$5:$X$204,16)=0,"",INDEX(ERP导入清单!L:L,IFERROR(MATCH(16,ERP导入清单!$X$5:$X$204,0)+4,""))) -> B5机型物料号-10-00 | M20: =IF(COUNTIF(ERP导入清单!$X$5:$X$204,16)=0,"",INDEX(ERP导入清单!M:M,IFERROR(MATCH(16,ERP导入清单!$X$5:$X$204,0)+4,""))) -> 底盘组件（激光割） | N20: =IF(COUNTIF(ERP导入清单!$X$5:$X$204,16)=0,"",INDEX(ERP导入清单!N:N,IFERROR(MATCH(16,ERP导入清单!$X$5:$X$204,0)+4,""))) -> 0 | O20: =IF(COUNTIF(ERP导入清单!$X$5:$X$204,16)=0,"",INDEX(ERP导入清单!O:O,IFERROR(MATCH(16,ERP导入清单!$X$5:$X$204,0)+4,""))) -> 2mm | P20: =IF(COUNTIF(ERP导入清单!$X$5:$X$204,16)=0,"",INDEX(ERP导入清单!P:P,IFERROR(MATCH(16,ERP导入清单!$X$5:$X$204,0)+4,""))) -> 16 | Q20: =IF(COUNTIF(ERP导入清单!$X$5:$X$204,16)=0,"",INDEX(ERP导入清单!Q:Q,IFERROR(MATCH(16,ERP导入清单!$X$5:$X$204,0)+4,""))) -> 1 | R20: =IF(COUNTIF(ERP导入清单!$X$5:$X$204,16)=0,"",INDEX(ERP导入清单!R:R,IFERROR(MATCH(16,ERP导入清单!$X$5:$X$204,0)+4,""))) -> 16 | S20: =IF(COUNTIF(ERP导入清单!$X$5:$X$204,16)=0,"",INDEX(ERP导入清单!S:S,IFERROR(MATCH(16,ERP导入清单!$X$5:$X$204,0)+4,""))) -> 套 | T20: =IF(COUNTIF(ERP导入清单!$X$5:$X$204,16)=0,"",INDEX(ERP导入清单!T:T,IFERROR(MATCH(16,ERP导入清单!$X$5:$X$204,0)+4,""))) -> 激光切割>焊接>装配 | U20: =IF(COUNTIF(ERP导入清单!$X$5:$X$204,16)=0,"",INDEX(ERP导入清单!U:U,IFERROR(MATCH(16,ERP导入清单!$X$5:$X$204,0)+4,""))) -> 点5个电热丝固定卡，割孔，焊螺丝 | V20: =IF(COUNTIF(ERP导入清单!$X$5:$X$204,16)=0,"",INDEX(ERP导入清单!V:V,IFERROR(MATCH(16,ERP导入清单!$X$5:$X$204,0)+4,""))) -> 45247 | W20: =IF(COUNTIF(ERP导入清单!$X$5:$X$204,16)=0,"",INDEX(ERP导入清单!W:W,IFERROR(MATCH(16,ERP导入清单!$X$5:$X$204,0)+4,""))) -> 旧图
A21: =IF(COUNTIF(ERP导入清单!$X$5:$X$204,17)=0,"",INDEX(ERP导入清单!A:A,IFERROR(MATCH(17,ERP导入清单!$X$5:$X$204,0)+4,""))) -> 2 | B21: =IF(COUNTIF(ERP导入清单!$X$5:$X$204,17)=0,"",INDEX(ERP导入清单!B:B,IFERROR(MATCH(17,ERP导入清单!$X$5:$X$204,0)+4,""))) -> RSD-20260601-002 | C21: =IF(COUNTIF(ERP导入清单!$X$5:$X$204,17)=0,"",INDEX(ERP导入清单!C:C,IFERROR(MATCH(17,ERP导入清单!$X$5:$X$204,0)+4,""))) -> 46174 | D21: =IF(COUNTIF(ERP导入清单!$X$5:$X$204,17)=0,"",INDEX(ERP导入清单!D:D,IFERROR(MATCH(17,ERP导入清单!$X$5:$X$204,0)+4,""))) -> 合肥荣事达太阳能有限公司 | E21: =IF(COUNTIF(ERP导入清单!$X$5:$X$204,17)=0,"",INDEX(ERP导入清单!E:E,IFERROR(MATCH(17,ERP导入清单!$X$5:$X$204,0)+4,""))) -> B型5P | F21: =IF(COUNTIF(ERP导入清单!$X$5:$X$204,17)=0,"",INDEX(ERP导入清单!F:F,IFERROR(MATCH(17,ERP导入清单!$X$5:$X$204,0)+4,""))) -> 零件 | G21: =IF(COUNTIF(ERP导入清单!$X$5:$X$204,17)=0,"",INDEX(ERP导入清单!G:G,IFERROR(MATCH(17,ERP导入清单!$X$5:$X$204,0)+4,""))) -> 4.1 | H21: =IF(COUNTIF(ERP导入清单!$X$5:$X$204,17)=0,"",INDEX(ERP导入清单!H:H,IFERROR(MATCH(17,ERP导入清单!$X$5:$X$204,0)+4,""))) -> 定制件 | I21: =IF(COUNTIF(ERP导入清单!$X$5:$X$204,17)=0,"",INDEX(ERP导入清单!I:I,IFERROR(MATCH(17,ERP导入清单!$X$5:$X$204,0)+4,""))) | J21: =IF(COUNTIF(ERP导入清单!$X$5:$X$204,17)=0,"",INDEX(ERP导入清单!J:J,IFERROR(MATCH(17,ERP导入清单!$X$5:$X$204,0)+4,""))) -> C002 | K21: =IF(COUNTIF(ERP导入清单!$X$5:$X$204,17)=0,"",INDEX(ERP导入清单!K:K,IFERROR(MATCH(17,ERP导入清单!$X$5:$X$204,0)+4,""))) -> 0 | L21: =IF(COUNTIF(ERP导入清单!$X$5:$X$204,17)=0,"",INDEX(ERP导入清单!L:L,IFERROR(MATCH(17,ERP导入清单!$X$5:$X$204,0)+4,""))) -> B5机型物料号-10-00-A | M21: =IF(COUNTIF(ERP导入清单!$X$5:$X$204,17)=0,"",INDEX(ERP导入清单!M:M,IFERROR(MATCH(17,ERP导入清单!$X$5:$X$204,0)+4,""))) -> 底盘板 | N21: =IF(COUNTIF(ERP导入清单!$X$5:$X$204,17)=0,"",INDEX(ERP导入清单!N:N,IFERROR(MATCH(17,ERP导入清单!$X$5:$X$204,0)+4,""))) -> 0 | O21: =IF(COUNTIF(ERP导入清单!$X$5:$X$204,17)=0,"",INDEX(ERP导入清单!O:O,IFERROR(MATCH(17,ERP导入清单!$X$5:$X$204,0)+4,""))) -> 2mm | P21: =IF(COUNTIF(ERP导入清单!$X$5:$X$204,17)=0,"",INDEX(ERP导入清单!P:P,IFERROR(MATCH(17,ERP导入清单!$X$5:$X$204,0)+4,""))) -> 0 | Q21: =IF(COUNTIF(ERP导入清单!$X$5:$X$204,17)=0,"",INDEX(ERP导入清单!Q:Q,IFERROR(MATCH(17,ERP导入清单!$X$5:$X$204,0)+4,""))) -> 2 | R21: =IF(COUNTIF(ERP导入清单!$X$5:$X$204,17)=0,"",INDEX(ERP导入清单!R:R,IFERROR(MATCH(17,ERP导入清单!$X$5:$X$204,0)+4,""))) -> 32 | S21: =IF(COUNTIF(ERP导入清单!$X$5:$X$204,17)=0,"",INDEX(ERP导入清单!S:S,IFERROR(MATCH(17,ERP导入清单!$X$5:$X$204,0)+4,""))) -> 件 | T21: =IF(COUNTIF(ERP导入清单!$X$5:$X$204,17)=0,"",INDEX(ERP导入清单!T:T,IFERROR(MATCH(17,ERP导入清单!$X$5:$X$204,0)+4,""))) -> 激光切割 | U21: =IF(COUNTIF(ERP导入清单!$X$5:$X$204,17)=0,"",INDEX(ERP导入清单!U:U,IFERROR(MATCH(17,ERP导入清单!$X$5:$X$204,0)+4,""))) -> 按父组件需求数量×2 | V21: =IF(COUNTIF(ERP导入清单!$X$5:$X$204,17)=0,"",INDEX(ERP导入清单!V:V,IFERROR(MATCH(17,ERP导入清单!$X$5:$X$204,0)+4,""))) -> 0 | W21: =IF(COUNTIF(ERP导入清单!$X$5:$X$204,17)=0,"",INDEX(ERP导入清单!W:W,IFERROR(MATCH(17,ERP导入清单!$X$5:$X$204,0)+4,""))) -> 待确认
A22: =IF(COUNTIF(ERP导入清单!$X$5:$X$204,18)=0,"",INDEX(ERP导入清单!A:A,IFERROR(MATCH(18,ERP导入清单!$X$5:$X$204,0)+4,""))) -> 2 | B22: =IF(COUNTIF(ERP导入清单!$X$5:$X$204,18)=0,"",INDEX(ERP导入清单!B:B,IFERROR(MATCH(18,ERP导入清单!$X$5:$X$204,0)+4,""))) -> RSD-20260601-002 | C22: =IF(COUNTIF(ERP导入清单!$X$5:$X$204,18)=0,"",INDEX(ERP导入清单!C:C,IFERROR(MATCH(18,ERP导入清单!$X$5:$X$204,0)+4,""))) -> 46174 | D22: =IF(COUNTIF(ERP导入清单!$X$5:$X$204,18)=0,"",INDEX(ERP导入清单!D:D,IFERROR(MATCH(18,ERP导入清单!$X$5:$X$204,0)+4,""))) -> 合肥荣事达太阳能有限公司 | E22: =IF(COUNTIF(ERP导入清单!$X$5:$X$204,18)=0,"",INDEX(ERP导入清单!E:E,IFERROR(MATCH(18,ERP导入清单!$X$5:$X$204,0)+4,""))) -> B型5P | F22: =IF(COUNTIF(ERP导入清单!$X$5:$X$204,18)=0,"",INDEX(ERP导入清单!F:F,IFERROR(MATCH(18,ERP导入清单!$X$5:$X$204,0)+4,""))) -> 零件 | G22: =IF(COUNTIF(ERP导入清单!$X$5:$X$204,18)=0,"",INDEX(ERP导入清单!G:G,IFERROR(MATCH(18,ERP导入清单!$X$5:$X$204,0)+4,""))) -> 4.2 | H22: =IF(COUNTIF(ERP导入清单!$X$5:$X$204,18)=0,"",INDEX(ERP导入清单!H:H,IFERROR(MATCH(18,ERP导入清单!$X$5:$X$204,0)+4,""))) -> 定制件 | I22: =IF(COUNTIF(ERP导入清单!$X$5:$X$204,18)=0,"",INDEX(ERP导入清单!I:I,IFERROR(MATCH(18,ERP导入清单!$X$5:$X$204,0)+4,""))) | J22: =IF(COUNTIF(ERP导入清单!$X$5:$X$204,18)=0,"",INDEX(ERP导入清单!J:J,IFERROR(MATCH(18,ERP导入清单!$X$5:$X$204,0)+4,""))) -> C002 | K22: =IF(COUNTIF(ERP导入清单!$X$5:$X$204,18)=0,"",INDEX(ERP导入清单!K:K,IFERROR(MATCH(18,ERP导入清单!$X$5:$X$204,0)+4,""))) -> 0 | L22: =IF(COUNTIF(ERP导入清单!$X$5:$X$204,18)=0,"",INDEX(ERP导入清单!L:L,IFERROR(MATCH(18,ERP导入清单!$X$5:$X$204,0)+4,""))) -> B5机型物料号-10-00-B | M22: =IF(COUNTIF(ERP导入清单!$X$5:$X$204,18)=0,"",INDEX(ERP导入清单!M:M,IFERROR(MATCH(18,ERP导入清单!$X$5:$X$204,0)+4,""))) -> 底盘加强片 | N22: =IF(COUNTIF(ERP导入清单!$X$5:$X$204,18)=0,"",INDEX(ERP导入清单!N:N,IFERROR(MATCH(18,ERP导入清单!$X$5:$X$204,0)+4,""))) -> 0 | O22: =IF(COUNTIF(ERP导入清单!$X$5:$X$204,18)=0,"",INDEX(ERP导入清单!O:O,IFERROR(MATCH(18,ERP导入清单!$X$5:$X$204,0)+4,""))) -> 1.5mm | P22: =IF(COUNTIF(ERP导入清单!$X$5:$X$204,18)=0,"",INDEX(ERP导入清单!P:P,IFERROR(MATCH(18,ERP导入清单!$X$5:$X$204,0)+4,""))) -> 0 | Q22: =IF(COUNTIF(ERP导入清单!$X$5:$X$204,18)=0,"",INDEX(ERP导入清单!Q:Q,IFERROR(MATCH(18,ERP导入清单!$X$5:$X$204,0)+4,""))) -> 2 | R22: =IF(COUNTIF(ERP导入清单!$X$5:$X$204,18)=0,"",INDEX(ERP导入清单!R:R,IFERROR(MATCH(18,ERP导入清单!$X$5:$X$204,0)+4,""))) -> 32 | S22: =IF(COUNTIF(ERP导入清单!$X$5:$X$204,18)=0,"",INDEX(ERP导入清单!S:S,IFERROR(MATCH(18,ERP导入清单!$X$5:$X$204,0)+4,""))) -> 件 | T22: =IF(COUNTIF(ERP导入清单!$X$5:$X$204,18)=0,"",INDEX(ERP导入清单!T:T,IFERROR(MATCH(18,ERP导入清单!$X$5:$X$204,0)+4,""))) -> 激光切割>折弯 | U22: =IF(COUNTIF(ERP导入清单!$X$5:$X$204,18)=0,"",INDEX(ERP导入清单!U:U,IFERROR(MATCH(18,ERP导入清单!$X$5:$X$204,0)+4,""))) -> 按父组件需求数量×2 | V22: =IF(COUNTIF(ERP导入清单!$X$5:$X$204,18)=0,"",INDEX(ERP导入清单!V:V,IFERROR(MATCH(18,ERP导入清单!$X$5:$X$204,0)+4,""))) -> 0 | W22: =IF(COUNTIF(ERP导入清单!$X$5:$X$204,18)=0,"",INDEX(ERP导入清单!W:W,IFERROR(MATCH(18,ERP导入清单!$X$5:$X$204,0)+4,""))) -> 待确认
A23: =IF(COUNTIF(ERP导入清单!$X$5:$X$204,19)=0,"",INDEX(ERP导入清单!A:A,IFERROR(MATCH(19,ERP导入清单!$X$5:$X$204,0)+4,""))) -> 2 | B23: =IF(COUNTIF(ERP导入清单!$X$5:$X$204,19)=0,"",INDEX(ERP导入清单!B:B,IFERROR(MATCH(19,ERP导入清单!$X$5:$X$204,0)+4,""))) -> RSD-20260601-002 | C23: =IF(COUNTIF(ERP导入清单!$X$5:$X$204,19)=0,"",INDEX(ERP导入清单!C:C,IFERROR(MATCH(19,ERP导入清单!$X$5:$X$204,0)+4,""))) -> 46174 | D23: =IF(COUNTIF(ERP导入清单!$X$5:$X$204,19)=0,"",INDEX(ERP导入清单!D:D,IFERROR(MATCH(19,ERP导入清单!$X$5:$X$204,0)+4,""))) -> 合肥荣事达太阳能有限公司 | E23: =IF(COUNTIF(ERP导入清单!$X$5:$X$204,19)=0,"",INDEX(ERP导入清单!E:E,IFERROR(MATCH(19,ERP导入清单!$X$5:$X$204,0)+4,""))) -> B型5P | F23: =IF(COUNTIF(ERP导入清单!$X$5:$X$204,19)=0,"",INDEX(ERP导入清单!F:F,IFERROR(MATCH(19,ERP导入清单!$X$5:$X$204,0)+4,""))) -> 零件 | G23: =IF(COUNTIF(ERP导入清单!$X$5:$X$204,19)=0,"",INDEX(ERP导入清单!G:G,IFERROR(MATCH(19,ERP导入清单!$X$5:$X$204,0)+4,""))) -> 5 | H23: =IF(COUNTIF(ERP导入清单!$X$5:$X$204,19)=0,"",INDEX(ERP导入清单!H:H,IFERROR(MATCH(19,ERP导入清单!$X$5:$X$204,0)+4,""))) -> 外协件 | I23: =IF(COUNTIF(ERP导入清单!$X$5:$X$204,19)=0,"",INDEX(ERP导入清单!I:I,IFERROR(MATCH(19,ERP导入清单!$X$5:$X$204,0)+4,""))) | J23: =IF(COUNTIF(ERP导入清单!$X$5:$X$204,19)=0,"",INDEX(ERP导入清单!J:J,IFERROR(MATCH(19,ERP导入清单!$X$5:$X$204,0)+4,""))) | K23: =IF(COUNTIF(ERP导入清单!$X$5:$X$204,19)=0,"",INDEX(ERP导入清单!K:K,IFERROR(MATCH(19,ERP导入清单!$X$5:$X$204,0)+4,""))) -> RS107023 | L23: =IF(COUNTIF(ERP导入清单!$X$5:$X$204,19)=0,"",INDEX(ERP导入清单!L:L,IFERROR(MATCH(19,ERP导入清单!$X$5:$X$204,0)+4,""))) -> B5机型物料号-10-04 | M23: =IF(COUNTIF(ERP导入清单!$X$5:$X$204,19)=0,"",INDEX(ERP导入清单!M:M,IFERROR(MATCH(19,ERP导入清单!$X$5:$X$204,0)+4,""))) -> 网罩 | N23: =IF(COUNTIF(ERP导入清单!$X$5:$X$204,19)=0,"",INDEX(ERP导入清单!N:N,IFERROR(MATCH(19,ERP导入清单!$X$5:$X$204,0)+4,""))) -> 0 | O23: =IF(COUNTIF(ERP导入清单!$X$5:$X$204,19)=0,"",INDEX(ERP导入清单!O:O,IFERROR(MATCH(19,ERP导入清单!$X$5:$X$204,0)+4,""))) -> 0 | P23: =IF(COUNTIF(ERP导入清单!$X$5:$X$204,19)=0,"",INDEX(ERP导入清单!P:P,IFERROR(MATCH(19,ERP导入清单!$X$5:$X$204,0)+4,""))) -> 32 | Q23: =IF(COUNTIF(ERP导入清单!$X$5:$X$204,19)=0,"",INDEX(ERP导入清单!Q:Q,IFERROR(MATCH(19,ERP导入清单!$X$5:$X$204,0)+4,""))) -> 0 | R23: =IF(COUNTIF(ERP导入清单!$X$5:$X$204,19)=0,"",INDEX(ERP导入清单!R:R,IFERROR(MATCH(19,ERP导入清单!$X$5:$X$204,0)+4,""))) -> 32 | S23: =IF(COUNTIF(ERP导入清单!$X$5:$X$204,19)=0,"",INDEX(ERP导入清单!S:S,IFERROR(MATCH(19,ERP导入清单!$X$5:$X$204,0)+4,""))) -> 件 | T23: =IF(COUNTIF(ERP导入清单!$X$5:$X$204,19)=0,"",INDEX(ERP导入清单!T:T,IFERROR(MATCH(19,ERP导入清单!$X$5:$X$204,0)+4,""))) -> 0 | U23: =IF(COUNTIF(ERP导入清单!$X$5:$X$204,19)=0,"",INDEX(ERP导入清单!U:U,IFERROR(MATCH(19,ERP导入清单!$X$5:$X$204,0)+4,""))) -> 钢丝网 | V23: =IF(COUNTIF(ERP导入清单!$X$5:$X$204,19)=0,"",INDEX(ERP导入清单!V:V,IFERROR(MATCH(19,ERP导入清单!$X$5:$X$204,0)+4,""))) -> 0 | W23: =IF(COUNTIF(ERP导入清单!$X$5:$X$204,19)=0,"",INDEX(ERP导入清单!W:W,IFERROR(MATCH(19,ERP导入清单!$X$5:$X$204,0)+4,""))) -> 旧图
A24: =IF(COUNTIF(ERP导入清单!$X$5:$X$204,20)=0,"",INDEX(ERP导入清单!A:A,IFERROR(MATCH(20,ERP导入清单!$X$5:$X$204,0)+4,""))) -> 3 | B24: =IF(COUNTIF(ERP导入清单!$X$5:$X$204,20)=0,"",INDEX(ERP导入清单!B:B,IFERROR(MATCH(20,ERP导入清单!$X$5:$X$204,0)+4,""))) -> RSD-20260615-003 | C24: =IF(COUNTIF(ERP导入清单!$X$5:$X$204,20)=0,"",INDEX(ERP导入清单!C:C,IFERROR(MATCH(20,ERP导入清单!$X$5:$X$204,0)+4,""))) -> 46188 | D24: =IF(COUNTIF(ERP导入清单!$X$5:$X$204,20)=0,"",INDEX(ERP导入清单!D:D,IFERROR(MATCH(20,ERP导入清单!$X$5:$X$204,0)+4,""))) -> 合肥荣事达太阳能有限公司 | E24: =IF(COUNTIF(ERP导入清单!$X$5:$X$204,20)=0,"",INDEX(ERP导入清单!E:E,IFERROR(MATCH(20,ERP导入清单!$X$5:$X$204,0)+4,""))) -> D型8P | F24: =IF(COUNTIF(ERP导入清单!$X$5:$X$204,20)=0,"",INDEX(ERP导入清单!F:F,IFERROR(MATCH(20,ERP导入清单!$X$5:$X$204,0)+4,""))) -> 零件 | G24: =IF(COUNTIF(ERP导入清单!$X$5:$X$204,20)=0,"",INDEX(ERP导入清单!G:G,IFERROR(MATCH(20,ERP导入清单!$X$5:$X$204,0)+4,""))) -> 1 | H24: =IF(COUNTIF(ERP导入清单!$X$5:$X$204,20)=0,"",INDEX(ERP导入清单!H:H,IFERROR(MATCH(20,ERP导入清单!$X$5:$X$204,0)+4,""))) -> 通用件 | I24: =IF(COUNTIF(ERP导入清单!$X$5:$X$204,20)=0,"",INDEX(ERP导入清单!I:I,IFERROR(MATCH(20,ERP导入清单!$X$5:$X$204,0)+4,""))) | J24: =IF(COUNTIF(ERP导入清单!$X$5:$X$204,20)=0,"",INDEX(ERP导入清单!J:J,IFERROR(MATCH(20,ERP导入清单!$X$5:$X$204,0)+4,""))) | K24: =IF(COUNTIF(ERP导入清单!$X$5:$X$204,20)=0,"",INDEX(ERP导入清单!K:K,IFERROR(MATCH(20,ERP导入清单!$X$5:$X$204,0)+4,""))) -> RS20703010033 | L24: =IF(COUNTIF(ERP导入清单!$X$5:$X$204,20)=0,"",INDEX(ERP导入清单!L:L,IFERROR(MATCH(20,ERP导入清单!$X$5:$X$204,0)+4,""))) -> D8-10-50-01 | M24: =IF(COUNTIF(ERP导入清单!$X$5:$X$204,20)=0,"",INDEX(ERP导入清单!M:M,IFERROR(MATCH(20,ERP导入清单!$X$5:$X$204,0)+4,""))) -> 顶盖 | N24: =IF(COUNTIF(ERP导入清单!$X$5:$X$204,20)=0,"",INDEX(ERP导入清单!N:N,IFERROR(MATCH(20,ERP导入清单!$X$5:$X$204,0)+4,""))) -> 0 | O24: =IF(COUNTIF(ERP导入清单!$X$5:$X$204,20)=0,"",INDEX(ERP导入清单!O:O,IFERROR(MATCH(20,ERP导入清单!$X$5:$X$204,0)+4,""))) -> 1mm | P24: =IF(COUNTIF(ERP导入清单!$X$5:$X$204,20)=0,"",INDEX(ERP导入清单!P:P,IFERROR(MATCH(20,ERP导入清单!$X$5:$X$204,0)+4,""))) -> 8 | Q24: =IF(COUNTIF(ERP导入清单!$X$5:$X$204,20)=0,"",INDEX(ERP导入清单!Q:Q,IFERROR(MATCH(20,ERP导入清单!$X$5:$X$204,0)+4,""))) -> 0 | R24: =IF(COUNTIF(ERP导入清单!$X$5:$X$204,20)=0,"",INDEX(ERP导入清单!R:R,IFERROR(MATCH(20,ERP导入清单!$X$5:$X$204,0)+4,""))) -> 8 | S24: =IF(COUNTIF(ERP导入清单!$X$5:$X$204,20)=0,"",INDEX(ERP导入清单!S:S,IFERROR(MATCH(20,ERP导入清单!$X$5:$X$204,0)+4,""))) -> 件 | T24: =IF(COUNTIF(ERP导入清单!$X$5:$X$204,20)=0,"",INDEX(ERP导入清单!T:T,IFERROR(MATCH(20,ERP导入清单!$X$5:$X$204,0)+4,""))) -> 0 | U24: =IF(COUNTIF(ERP导入清单!$X$5:$X$204,20)=0,"",INDEX(ERP导入清单!U:U,IFERROR(MATCH(20,ERP导入清单!$X$5:$X$204,0)+4,""))) -> 样机款 | V24: =IF(COUNTIF(ERP导入清单!$X$5:$X$204,20)=0,"",INDEX(ERP导入清单!V:V,IFERROR(MATCH(20,ERP导入清单!$X$5:$X$204,0)+4,""))) -> 0 | W24: =IF(COUNTIF(ERP导入清单!$X$5:$X$204,20)=0,"",INDEX(ERP导入清单!W:W,IFERROR(MATCH(20,ERP导入清单!$X$5:$X$204,0)+4,""))) -> 新图
A25: =IF(COUNTIF(ERP导入清单!$X$5:$X$204,21)=0,"",INDEX(ERP导入清单!A:A,IFERROR(MATCH(21,ERP导入清单!$X$5:$X$204,0)+4,""))) -> 3 | B25: =IF(COUNTIF(ERP导入清单!$X$5:$X$204,21)=0,"",INDEX(ERP导入清单!B:B,IFERROR(MATCH(21,ERP导入清单!$X$5:$X$204,0)+4,""))) -> RSD-20260615-003 | C25: =IF(COUNTIF(ERP导入清单!$X$5:$X$204,21)=0,"",INDEX(ERP导入清单!C:C,IFERROR(MATCH(21,ERP导入清单!$X$5:$X$204,0)+4,""))) -> 46188 | D25: =IF(COUNTIF(ERP导入清单!$X$5:$X$204,21)=0,"",INDEX(ERP导入清单!D:D,IFERROR(MATCH(21,ERP导入清单!$X$5:$X$204,0)+4,""))) -> 合肥荣事达太阳能有限公司 | E25: =IF(COUNTIF(ERP导入清单!$X$5:$X$204,21)=0,"",INDEX(ERP导入清单!E:E,IFERROR(MATCH(21,ERP导入清单!$X$5:$X$204,0)+4,""))) -> D型8P | F25: =IF(COUNTIF(ERP导入清单!$X$5:$X$204,21)=0,"",INDEX(ERP导入清单!F:F,IFERROR(MATCH(21,ERP导入清单!$X$5:$X$204,0)+4,""))) -> 组件 | G25: =IF(COUNTIF(ERP导入清单!$X$5:$X$204,21)=0,"",INDEX(ERP导入清单!G:G,IFERROR(MATCH(21,ERP导入清单!$X$5:$X$204,0)+4,""))) -> 2 | H25: =IF(COUNTIF(ERP导入清单!$X$5:$X$204,21)=0,"",INDEX(ERP导入清单!H:H,IFERROR(MATCH(21,ERP导入清单!$X$5:$X$204,0)+4,""))) -> 通用件 | I25: =IF(COUNTIF(ERP导入清单!$X$5:$X$204,21)=0,"",INDEX(ERP导入清单!I:I,IFERROR(MATCH(21,ERP导入清单!$X$5:$X$204,0)+4,""))) -> C001 | J25: =IF(COUNTIF(ERP导入清单!$X$5:$X$204,21)=0,"",INDEX(ERP导入清单!J:J,IFERROR(MATCH(21,ERP导入清单!$X$5:$X$204,0)+4,""))) | K25: =IF(COUNTIF(ERP导入清单!$X$5:$X$204,21)=0,"",INDEX(ERP导入清单!K:K,IFERROR(MATCH(21,ERP导入清单!$X$5:$X$204,0)+4,""))) -> RS20701020216 | L25: =IF(COUNTIF(ERP导入清单!$X$5:$X$204,21)=0,"",INDEX(ERP导入清单!L:L,IFERROR(MATCH(21,ERP导入清单!$X$5:$X$204,0)+4,""))) -> D8-10-30 | M25: =IF(COUNTIF(ERP导入清单!$X$5:$X$204,21)=0,"",INDEX(ERP导入清单!M:M,IFERROR(MATCH(21,ERP导入清单!$X$5:$X$204,0)+4,""))) -> 电控支架组件 | N25: =IF(COUNTIF(ERP导入清单!$X$5:$X$204,21)=0,"",INDEX(ERP导入清单!N:N,IFERROR(MATCH(21,ERP导入清单!$X$5:$X$204,0)+4,""))) -> 0 | O25: =IF(COUNTIF(ERP导入清单!$X$5:$X$204,21)=0,"",INDEX(ERP导入清单!O:O,IFERROR(MATCH(21,ERP导入清单!$X$5:$X$204,0)+4,""))) -> 2mm | P25: =IF(COUNTIF(ERP导入清单!$X$5:$X$204,21)=0,"",INDEX(ERP导入清单!P:P,IFERROR(MATCH(21,ERP导入清单!$X$5:$X$204,0)+4,""))) -> 8 | Q25: =IF(COUNTIF(ERP导入清单!$X$5:$X$204,21)=0,"",INDEX(ERP导入清单!Q:Q,IFERROR(MATCH(21,ERP导入清单!$X$5:$X$204,0)+4,""))) -> 1 | R25: =IF(COUNTIF(ERP导入清单!$X$5:$X$204,21)=0,"",INDEX(ERP导入清单!R:R,IFERROR(MATCH(21,ERP导入清单!$X$5:$X$204,0)+4,""))) -> 8 | S25: =IF(COUNTIF(ERP导入清单!$X$5:$X$204,21)=0,"",INDEX(ERP导入清单!S:S,IFERROR(MATCH(21,ERP导入清单!$X$5:$X$204,0)+4,""))) -> 套 | T25: =IF(COUNTIF(ERP导入清单!$X$5:$X$204,21)=0,"",INDEX(ERP导入清单!T:T,IFERROR(MATCH(21,ERP导入清单!$X$5:$X$204,0)+4,""))) -> 装配 | U25: =IF(COUNTIF(ERP导入清单!$X$5:$X$204,21)=0,"",INDEX(ERP导入清单!U:U,IFERROR(MATCH(21,ERP导入清单!$X$5:$X$204,0)+4,""))) -> 螺丝组装 | V25: =IF(COUNTIF(ERP导入清单!$X$5:$X$204,21)=0,"",INDEX(ERP导入清单!V:V,IFERROR(MATCH(21,ERP导入清单!$X$5:$X$204,0)+4,""))) -> 46188 | W25: =IF(COUNTIF(ERP导入清单!$X$5:$X$204,21)=0,"",INDEX(ERP导入清单!W:W,IFERROR(MATCH(21,ERP导入清单!$X$5:$X$204,0)+4,""))) -> 新图
A26: =IF(COUNTIF(ERP导入清单!$X$5:$X$204,22)=0,"",INDEX(ERP导入清单!A:A,IFERROR(MATCH(22,ERP导入清单!$X$5:$X$204,0)+4,""))) -> 3 | B26: =IF(COUNTIF(ERP导入清单!$X$5:$X$204,22)=0,"",INDEX(ERP导入清单!B:B,IFERROR(MATCH(22,ERP导入清单!$X$5:$X$204,0)+4,""))) -> RSD-20260615-003 | C26: =IF(COUNTIF(ERP导入清单!$X$5:$X$204,22)=0,"",INDEX(ERP导入清单!C:C,IFERROR(MATCH(22,ERP导入清单!$X$5:$X$204,0)+4,""))) -> 46188 | D26: =IF(COUNTIF(ERP导入清单!$X$5:$X$204,22)=0,"",INDEX(ERP导入清单!D:D,IFERROR(MATCH(22,ERP导入清单!$X$5:$X$204,0)+4,""))) -> 合肥荣事达太阳能有限公司 | E26: =IF(COUNTIF(ERP导入清单!$X$5:$X$204,22)=0,"",INDEX(ERP导入清单!E:E,IFERROR(MATCH(22,ERP导入清单!$X$5:$X$204,0)+4,""))) -> D型8P | F26: =IF(COUNTIF(ERP导入清单!$X$5:$X$204,22)=0,"",INDEX(ERP导入清单!F:F,IFERROR(MATCH(22,ERP导入清单!$X$5:$X$204,0)+4,""))) -> 零件 | G26: =IF(COUNTIF(ERP导入清单!$X$5:$X$204,22)=0,"",INDEX(ERP导入清单!G:G,IFERROR(MATCH(22,ERP导入清单!$X$5:$X$204,0)+4,""))) -> 2.1 | H26: =IF(COUNTIF(ERP导入清单!$X$5:$X$204,22)=0,"",INDEX(ERP导入清单!H:H,IFERROR(MATCH(22,ERP导入清单!$X$5:$X$204,0)+4,""))) -> 通用件 | I26: =IF(COUNTIF(ERP导入清单!$X$5:$X$204,22)=0,"",INDEX(ERP导入清单!I:I,IFERROR(MATCH(22,ERP导入清单!$X$5:$X$204,0)+4,""))) | J26: =IF(COUNTIF(ERP导入清单!$X$5:$X$204,22)=0,"",INDEX(ERP导入清单!J:J,IFERROR(MATCH(22,ERP导入清单!$X$5:$X$204,0)+4,""))) -> C001 | K26: =IF(COUNTIF(ERP导入清单!$X$5:$X$204,22)=0,"",INDEX(ERP导入清单!K:K,IFERROR(MATCH(22,ERP导入清单!$X$5:$X$204,0)+4,""))) -> 0 | L26: =IF(COUNTIF(ERP导入清单!$X$5:$X$204,22)=0,"",INDEX(ERP导入清单!L:L,IFERROR(MATCH(22,ERP导入清单!$X$5:$X$204,0)+4,""))) -> D8-10-30-A | M26: =IF(COUNTIF(ERP导入清单!$X$5:$X$204,22)=0,"",INDEX(ERP导入清单!M:M,IFERROR(MATCH(22,ERP导入清单!$X$5:$X$204,0)+4,""))) -> 支架主板 | N26: =IF(COUNTIF(ERP导入清单!$X$5:$X$204,22)=0,"",INDEX(ERP导入清单!N:N,IFERROR(MATCH(22,ERP导入清单!$X$5:$X$204,0)+4,""))) -> 0 | O26: =IF(COUNTIF(ERP导入清单!$X$5:$X$204,22)=0,"",INDEX(ERP导入清单!O:O,IFERROR(MATCH(22,ERP导入清单!$X$5:$X$204,0)+4,""))) -> 2mm | P26: =IF(COUNTIF(ERP导入清单!$X$5:$X$204,22)=0,"",INDEX(ERP导入清单!P:P,IFERROR(MATCH(22,ERP导入清单!$X$5:$X$204,0)+4,""))) -> 0 | Q26: =IF(COUNTIF(ERP导入清单!$X$5:$X$204,22)=0,"",INDEX(ERP导入清单!Q:Q,IFERROR(MATCH(22,ERP导入清单!$X$5:$X$204,0)+4,""))) -> 1 | R26: =IF(COUNTIF(ERP导入清单!$X$5:$X$204,22)=0,"",INDEX(ERP导入清单!R:R,IFERROR(MATCH(22,ERP导入清单!$X$5:$X$204,0)+4,""))) -> 8 | S26: =IF(COUNTIF(ERP导入清单!$X$5:$X$204,22)=0,"",INDEX(ERP导入清单!S:S,IFERROR(MATCH(22,ERP导入清单!$X$5:$X$204,0)+4,""))) -> 件 | T26: =IF(COUNTIF(ERP导入清单!$X$5:$X$204,22)=0,"",INDEX(ERP导入清单!T:T,IFERROR(MATCH(22,ERP导入清单!$X$5:$X$204,0)+4,""))) -> 激光切割>折弯 | U26: =IF(COUNTIF(ERP导入清单!$X$5:$X$204,22)=0,"",INDEX(ERP导入清单!U:U,IFERROR(MATCH(22,ERP导入清单!$X$5:$X$204,0)+4,""))) -> 组件 C001 的子件 | V26: =IF(COUNTIF(ERP导入清单!$X$5:$X$204,22)=0,"",INDEX(ERP导入清单!V:V,IFERROR(MATCH(22,ERP导入清单!$X$5:$X$204,0)+4,""))) -> 46188 | W26: =IF(COUNTIF(ERP导入清单!$X$5:$X$204,22)=0,"",INDEX(ERP导入清单!W:W,IFERROR(MATCH(22,ERP导入清单!$X$5:$X$204,0)+4,""))) -> 新图
A27: =IF(COUNTIF(ERP导入清单!$X$5:$X$204,23)=0,"",INDEX(ERP导入清单!A:A,IFERROR(MATCH(23,ERP导入清单!$X$5:$X$204,0)+4,""))) -> 3 | B27: =IF(COUNTIF(ERP导入清单!$X$5:$X$204,23)=0,"",INDEX(ERP导入清单!B:B,IFERROR(MATCH(23,ERP导入清单!$X$5:$X$204,0)+4,""))) -> RSD-20260615-003 | C27: =IF(COUNTIF(ERP导入清单!$X$5:$X$204,23)=0,"",INDEX(ERP导入清单!C:C,IFERROR(MATCH(23,ERP导入清单!$X$5:$X$204,0)+4,""))) -> 46188 | D27: =IF(COUNTIF(ERP导入清单!$X$5:$X$204,23)=0,"",INDEX(ERP导入清单!D:D,IFERROR(MATCH(23,ERP导入清单!$X$5:$X$204,0)+4,""))) -> 合肥荣事达太阳能有限公司 | E27: =IF(COUNTIF(ERP导入清单!$X$5:$X$204,23)=0,"",INDEX(ERP导入清单!E:E,IFERROR(MATCH(23,ERP导入清单!$X$5:$X$204,0)+4,""))) -> D型8P | F27: =IF(COUNTIF(ERP导入清单!$X$5:$X$204,23)=0,"",INDEX(ERP导入清单!F:F,IFERROR(MATCH(23,ERP导入清单!$X$5:$X$204,0)+4,""))) -> 零件 | G27: =IF(COUNTIF(ERP导入清单!$X$5:$X$204,23)=0,"",INDEX(ERP导入清单!G:G,IFERROR(MATCH(23,ERP导入清单!$X$5:$X$204,0)+4,""))) -> 2.2 | H27: =IF(COUNTIF(ERP导入清单!$X$5:$X$204,23)=0,"",INDEX(ERP导入清单!H:H,IFERROR(MATCH(23,ERP导入清单!$X$5:$X$204,0)+4,""))) -> 通用件 | I27: =IF(COUNTIF(ERP导入清单!$X$5:$X$204,23)=0,"",INDEX(ERP导入清单!I:I,IFERROR(MATCH(23,ERP导入清单!$X$5:$X$204,0)+4,""))) | J27: =IF(COUNTIF(ERP导入清单!$X$5:$X$204,23)=0,"",INDEX(ERP导入清单!J:J,IFERROR(MATCH(23,ERP导入清单!$X$5:$X$204,0)+4,""))) -> C001 | K27: =IF(COUNTIF(ERP导入清单!$X$5:$X$204,23)=0,"",INDEX(ERP导入清单!K:K,IFERROR(MATCH(23,ERP导入清单!$X$5:$X$204,0)+4,""))) -> 0 | L27: =IF(COUNTIF(ERP导入清单!$X$5:$X$204,23)=0,"",INDEX(ERP导入清单!L:L,IFERROR(MATCH(23,ERP导入清单!$X$5:$X$204,0)+4,""))) -> D8-10-30-B | M27: =IF(COUNTIF(ERP导入清单!$X$5:$X$204,23)=0,"",INDEX(ERP导入清单!M:M,IFERROR(MATCH(23,ERP导入清单!$X$5:$X$204,0)+4,""))) -> 支架加强片 | N27: =IF(COUNTIF(ERP导入清单!$X$5:$X$204,23)=0,"",INDEX(ERP导入清单!N:N,IFERROR(MATCH(23,ERP导入清单!$X$5:$X$204,0)+4,""))) -> 0 | O27: =IF(COUNTIF(ERP导入清单!$X$5:$X$204,23)=0,"",INDEX(ERP导入清单!O:O,IFERROR(MATCH(23,ERP导入清单!$X$5:$X$204,0)+4,""))) -> 1.5mm | P27: =IF(COUNTIF(ERP导入清单!$X$5:$X$204,23)=0,"",INDEX(ERP导入清单!P:P,IFERROR(MATCH(23,ERP导入清单!$X$5:$X$204,0)+4,""))) -> 0 | Q27: =IF(COUNTIF(ERP导入清单!$X$5:$X$204,23)=0,"",INDEX(ERP导入清单!Q:Q,IFERROR(MATCH(23,ERP导入清单!$X$5:$X$204,0)+4,""))) -> 2 | R27: =IF(COUNTIF(ERP导入清单!$X$5:$X$204,23)=0,"",INDEX(ERP导入清单!R:R,IFERROR(MATCH(23,ERP导入清单!$X$5:$X$204,0)+4,""))) -> 16 | S27: =IF(COUNTIF(ERP导入清单!$X$5:$X$204,23)=0,"",INDEX(ERP导入清单!S:S,IFERROR(MATCH(23,ERP导入清单!$X$5:$X$204,0)+4,""))) -> 件 | T27: =IF(COUNTIF(ERP导入清单!$X$5:$X$204,23)=0,"",INDEX(ERP导入清单!T:T,IFERROR(MATCH(23,ERP导入清单!$X$5:$X$204,0)+4,""))) -> 激光切割 | U27: =IF(COUNTIF(ERP导入清单!$X$5:$X$204,23)=0,"",INDEX(ERP导入清单!U:U,IFERROR(MATCH(23,ERP导入清单!$X$5:$X$204,0)+4,""))) -> 每套组件 2 件 | V27: =IF(COUNTIF(ERP导入清单!$X$5:$X$204,23)=0,"",INDEX(ERP导入清单!V:V,IFERROR(MATCH(23,ERP导入清单!$X$5:$X$204,0)+4,""))) -> 46188 | W27: =IF(COUNTIF(ERP导入清单!$X$5:$X$204,23)=0,"",INDEX(ERP导入清单!W:W,IFERROR(MATCH(23,ERP导入清单!$X$5:$X$204,0)+4,""))) -> 新图
A28: =IF(COUNTIF(ERP导入清单!$X$5:$X$204,24)=0,"",INDEX(ERP导入清单!A:A,IFERROR(MATCH(24,ERP导入清单!$X$5:$X$204,0)+4,""))) -> 3 | B28: =IF(COUNTIF(ERP导入清单!$X$5:$X$204,24)=0,"",INDEX(ERP导入清单!B:B,IFERROR(MATCH(24,ERP导入清单!$X$5:$X$204,0)+4,""))) -> RSD-20260615-003 | C28: =IF(COUNTIF(ERP导入清单!$X$5:$X$204,24)=0,"",INDEX(ERP导入清单!C:C,IFERROR(MATCH(24,ERP导入清单!$X$5:$X$204,0)+4,""))) -> 46188 | D28: =IF(COUNTIF(ERP导入清单!$X$5:$X$204,24)=0,"",INDEX(ERP导入清单!D:D,IFERROR(MATCH(24,ERP导入清单!$X$5:$X$204,0)+4,""))) -> 合肥荣事达太阳能有限公司 | E28: =IF(COUNTIF(ERP导入清单!$X$5:$X$204,24)=0,"",INDEX(ERP导入清单!E:E,IFERROR(MATCH(24,ERP导入清单!$X$5:$X$204,0)+4,""))) -> D型8P | F28: =IF(COUNTIF(ERP导入清单!$X$5:$X$204,24)=0,"",INDEX(ERP导入清单!F:F,IFERROR(MATCH(24,ERP导入清单!$X$5:$X$204,0)+4,""))) -> 零件 | G28: =IF(COUNTIF(ERP导入清单!$X$5:$X$204,24)=0,"",INDEX(ERP导入清单!G:G,IFERROR(MATCH(24,ERP导入清单!$X$5:$X$204,0)+4,""))) -> 3 | H28: =IF(COUNTIF(ERP导入清单!$X$5:$X$204,24)=0,"",INDEX(ERP导入清单!H:H,IFERROR(MATCH(24,ERP导入清单!$X$5:$X$204,0)+4,""))) -> 外协件 | I28: =IF(COUNTIF(ERP导入清单!$X$5:$X$204,24)=0,"",INDEX(ERP导入清单!I:I,IFERROR(MATCH(24,ERP导入清单!$X$5:$X$204,0)+4,""))) | J28: =IF(COUNTIF(ERP导入清单!$X$5:$X$204,24)=0,"",INDEX(ERP导入清单!J:J,IFERROR(MATCH(24,ERP导入清单!$X$5:$X$204,0)+4,""))) | K28: =IF(COUNTIF(ERP导入清单!$X$5:$X$204,24)=0,"",INDEX(ERP导入清单!K:K,IFERROR(MATCH(24,ERP导入清单!$X$5:$X$204,0)+4,""))) -> RS20707010049 | L28: =IF(COUNTIF(ERP导入清单!$X$5:$X$204,24)=0,"",INDEX(ERP导入清单!L:L,IFERROR(MATCH(24,ERP导入清单!$X$5:$X$204,0)+4,""))) -> D8-10-04 | M28: =IF(COUNTIF(ERP导入清单!$X$5:$X$204,24)=0,"",INDEX(ERP导入清单!M:M,IFERROR(MATCH(24,ERP导入清单!$X$5:$X$204,0)+4,""))) -> 网罩 | N28: =IF(COUNTIF(ERP导入清单!$X$5:$X$204,24)=0,"",INDEX(ERP导入清单!N:N,IFERROR(MATCH(24,ERP导入清单!$X$5:$X$204,0)+4,""))) -> 0 | O28: =IF(COUNTIF(ERP导入清单!$X$5:$X$204,24)=0,"",INDEX(ERP导入清单!O:O,IFERROR(MATCH(24,ERP导入清单!$X$5:$X$204,0)+4,""))) -> 0 | P28: =IF(COUNTIF(ERP导入清单!$X$5:$X$204,24)=0,"",INDEX(ERP导入清单!P:P,IFERROR(MATCH(24,ERP导入清单!$X$5:$X$204,0)+4,""))) -> 8 | Q28: =IF(COUNTIF(ERP导入清单!$X$5:$X$204,24)=0,"",INDEX(ERP导入清单!Q:Q,IFERROR(MATCH(24,ERP导入清单!$X$5:$X$204,0)+4,""))) -> 0 | R28: =IF(COUNTIF(ERP导入清单!$X$5:$X$204,24)=0,"",INDEX(ERP导入清单!R:R,IFERROR(MATCH(24,ERP导入清单!$X$5:$X$204,0)+4,""))) -> 8 | S28: =IF(COUNTIF(ERP导入清单!$X$5:$X$204,24)=0,"",INDEX(ERP导入清单!S:S,IFERROR(MATCH(24,ERP导入清单!$X$5:$X$204,0)+4,""))) -> 件 | T28: =IF(COUNTIF(ERP导入清单!$X$5:$X$204,24)=0,"",INDEX(ERP导入清单!T:T,IFERROR(MATCH(24,ERP导入清单!$X$5:$X$204,0)+4,""))) -> 0 | U28: =IF(COUNTIF(ERP导入清单!$X$5:$X$204,24)=0,"",INDEX(ERP导入清单!U:U,IFERROR(MATCH(24,ERP导入清单!$X$5:$X$204,0)+4,""))) -> 黑色 | V28: =IF(COUNTIF(ERP导入清单!$X$5:$X$204,24)=0,"",INDEX(ERP导入清单!V:V,IFERROR(MATCH(24,ERP导入清单!$X$5:$X$204,0)+4,""))) -> 0 | W28: =IF(COUNTIF(ERP导入清单!$X$5:$X$204,24)=0,"",INDEX(ERP导入清单!W:W,IFERROR(MATCH(24,ERP导入清单!$X$5:$X$204,0)+4,""))) -> 待确认
A29: =IF(COUNTIF(ERP导入清单!$X$5:$X$204,25)=0,"",INDEX(ERP导入清单!A:A,IFERROR(MATCH(25,ERP导入清单!$X$5:$X$204,0)+4,""))) | B29: =IF(COUNTIF(ERP导入清单!$X$5:$X$204,25)=0,"",INDEX(ERP导入清单!B:B,IFERROR(MATCH(25,ERP导入清单!$X$5:$X$204,0)+4,""))) | C29: =IF(COUNTIF(ERP导入清单!$X$5:$X$204,25)=0,"",INDEX(ERP导入清单!C:C,IFERROR(MATCH(25,ERP导入清单!$X$5:$X$204,0)+4,""))) | D29: =IF(COUNTIF(ERP导入清单!$X$5:$X$204,25)=0,"",INDEX(ERP导入清单!D:D,IFERROR(MATCH(25,ERP导入清单!$X$5:$X$204,0)+4,""))) | E29: =IF(COUNTIF(ERP导入清单!$X$5:$X$204,25)=0,"",INDEX(ERP导入清单!E:E,IFERROR(MATCH(25,ERP导入清单!$X$5:$X$204,0)+4,""))) | F29: =IF(COUNTIF(ERP导入清单!$X$5:$X$204,25)=0,"",INDEX(ERP导入清单!F:F,IFERROR(MATCH(25,ERP导入清单!$X$5:$X$204,0)+4,""))) | G29: =IF(COUNTIF(ERP导入清单!$X$5:$X$204,25)=0,"",INDEX(ERP导入清单!G:G,IFERROR(MATCH(25,ERP导入清单!$X$5:$X$204,0)+4,""))) | H29: =IF(COUNTIF(ERP导入清单!$X$5:$X$204,25)=0,"",INDEX(ERP导入清单!H:H,IFERROR(MATCH(25,ERP导入清单!$X$5:$X$204,0)+4,""))) | I29: =IF(COUNTIF(ERP导入清单!$X$5:$X$204,25)=0,"",INDEX(ERP导入清单!I:I,IFERROR(MATCH(25,ERP导入清单!$X$5:$X$204,0)+4,""))) | J29: =IF(COUNTIF(ERP导入清单!$X$5:$X$204,25)=0,"",INDEX(ERP导入清单!J:J,IFERROR(MATCH(25,ERP导入清单!$X$5:$X$204,0)+4,""))) | K29: =IF(COUNTIF(ERP导入清单!$X$5:$X$204,25)=0,"",INDEX(ERP导入清单!K:K,IFERROR(MATCH(25,ERP导入清单!$X$5:$X$204,0)+4,""))) | L29: =IF(COUNTIF(ERP导入清单!$X$5:$X$204,25)=0,"",INDEX(ERP导入清单!L:L,IFERROR(MATCH(25,ERP导入清单!$X$5:$X$204,0)+4,""))) | M29: =IF(COUNTIF(ERP导入清单!$X$5:$X$204,25)=0,"",INDEX(ERP导入清单!M:M,IFERROR(MATCH(25,ERP导入清单!$X$5:$X$204,0)+4,""))) | N29: =IF(COUNTIF(ERP导入清单!$X$5:$X$204,25)=0,"",INDEX(ERP导入清单!N:N,IFERROR(MATCH(25,ERP导入清单!$X$5:$X$204,0)+4,""))) | O29: =IF(COUNTIF(ERP导入清单!$X$5:$X$204,25)=0,"",INDEX(ERP导入清单!O:O,IFERROR(MATCH(25,ERP导入清单!$X$5:$X$204,0)+4,""))) | P29: =IF(COUNTIF(ERP导入清单!$X$5:$X$204,25)=0,"",INDEX(ERP导入清单!P:P,IFERROR(MATCH(25,ERP导入清单!$X$5:$X$204,0)+4,""))) | Q29: =IF(COUNTIF(ERP导入清单!$X$5:$X$204,25)=0,"",INDEX(ERP导入清单!Q:Q,IFERROR(MATCH(25,ERP导入清单!$X$5:$X$204,0)+4,""))) | R29: =IF(COUNTIF(ERP导入清单!$X$5:$X$204,25)=0,"",INDEX(ERP导入清单!R:R,IFERROR(MATCH(25,ERP导入清单!$X$5:$X$204,0)+4,""))) | S29: =IF(COUNTIF(ERP导入清单!$X$5:$X$204,25)=0,"",INDEX(ERP导入清单!S:S,IFERROR(MATCH(25,ERP导入清单!$X$5:$X$204,0)+4,""))) | T29: =IF(COUNTIF(ERP导入清单!$X$5:$X$204,25)=0,"",INDEX(ERP导入清单!T:T,IFERROR(MATCH(25,ERP导入清单!$X$5:$X$204,0)+4,""))) | U29: =IF(COUNTIF(ERP导入清单!$X$5:$X$204,25)=0,"",INDEX(ERP导入清单!U:U,IFERROR(MATCH(25,ERP导入清单!$X$5:$X$204,0)+4,""))) | V29: =IF(COUNTIF(ERP导入清单!$X$5:$X$204,25)=0,"",INDEX(ERP导入清单!V:V,IFERROR(MATCH(25,ERP导入清单!$X$5:$X$204,0)+4,""))) | W29: =IF(COUNTIF(ERP导入清单!$X$5:$X$204,25)=0,"",INDEX(ERP导入清单!W:W,IFERROR(MATCH(25,ERP导入清单!$X$5:$X$204,0)+4,"")))
A30: =IF(COUNTIF(ERP导入清单!$X$5:$X$204,26)=0,"",INDEX(ERP导入清单!A:A,IFERROR(MATCH(26,ERP导入清单!$X$5:$X$204,0)+4,""))) | B30: =IF(COUNTIF(ERP导入清单!$X$5:$X$204,26)=0,"",INDEX(ERP导入清单!B:B,IFERROR(MATCH(26,ERP导入清单!$X$5:$X$204,0)+4,""))) | C30: =IF(COUNTIF(ERP导入清单!$X$5:$X$204,26)=0,"",INDEX(ERP导入清单!C:C,IFERROR(MATCH(26,ERP导入清单!$X$5:$X$204,0)+4,""))) | D30: =IF(COUNTIF(ERP导入清单!$X$5:$X$204,26)=0,"",INDEX(ERP导入清单!D:D,IFERROR(MATCH(26,ERP导入清单!$X$5:$X$204,0)+4,""))) | E30: =IF(COUNTIF(ERP导入清单!$X$5:$X$204,26)=0,"",INDEX(ERP导入清单!E:E,IFERROR(MATCH(26,ERP导入清单!$X$5:$X$204,0)+4,""))) | F30: =IF(COUNTIF(ERP导入清单!$X$5:$X$204,26)=0,"",INDEX(ERP导入清单!F:F,IFERROR(MATCH(26,ERP导入清单!$X$5:$X$204,0)+4,""))) | G30: =IF(COUNTIF(ERP导入清单!$X$5:$X$204,26)=0,"",INDEX(ERP导入清单!G:G,IFERROR(MATCH(26,ERP导入清单!$X$5:$X$204,0)+4,""))) | H30: =IF(COUNTIF(ERP导入清单!$X$5:$X$204,26)=0,"",INDEX(ERP导入清单!H:H,IFERROR(MATCH(26,ERP导入清单!$X$5:$X$204,0)+4,""))) | I30: =IF(COUNTIF(ERP导入清单!$X$5:$X$204,26)=0,"",INDEX(ERP导入清单!I:I,IFERROR(MATCH(26,ERP导入清单!$X$5:$X$204,0)+4,""))) | J30: =IF(COUNTIF(ERP导入清单!$X$5:$X$204,26)=0,"",INDEX(ERP导入清单!J:J,IFERROR(MATCH(26,ERP导入清单!$X$5:$X$204,0)+4,""))) | K30: =IF(COUNTIF(ERP导入清单!$X$5:$X$204,26)=0,"",INDEX(ERP导入清单!K:K,IFERROR(MATCH(26,ERP导入清单!$X$5:$X$204,0)+4,""))) | L30: =IF(COUNTIF(ERP导入清单!$X$5:$X$204,26)=0,"",INDEX(ERP导入清单!L:L,IFERROR(MATCH(26,ERP导入清单!$X$5:$X$204,0)+4,""))) | M30: =IF(COUNTIF(ERP导入清单!$X$5:$X$204,26)=0,"",INDEX(ERP导入清单!M:M,IFERROR(MATCH(26,ERP导入清单!$X$5:$X$204,0)+4,""))) | N30: =IF(COUNTIF(ERP导入清单!$X$5:$X$204,26)=0,"",INDEX(ERP导入清单!N:N,IFERROR(MATCH(26,ERP导入清单!$X$5:$X$204,0)+4,""))) | O30: =IF(COUNTIF(ERP导入清单!$X$5:$X$204,26)=0,"",INDEX(ERP导入清单!O:O,IFERROR(MATCH(26,ERP导入清单!$X$5:$X$204,0)+4,""))) | P30: =IF(COUNTIF(ERP导入清单!$X$5:$X$204,26)=0,"",INDEX(ERP导入清单!P:P,IFERROR(MATCH(26,ERP导入清单!$X$5:$X$204,0)+4,""))) | Q30: =IF(COUNTIF(ERP导入清单!$X$5:$X$204,26)=0,"",INDEX(ERP导入清单!Q:Q,IFERROR(MATCH(26,ERP导入清单!$X$5:$X$204,0)+4,""))) | R30: =IF(COUNTIF(ERP导入清单!$X$5:$X$204,26)=0,"",INDEX(ERP导入清单!R:R,IFERROR(MATCH(26,ERP导入清单!$X$5:$X$204,0)+4,""))) | S30: =IF(COUNTIF(ERP导入清单!$X$5:$X$204,26)=0,"",INDEX(ERP导入清单!S:S,IFERROR(MATCH(26,ERP导入清单!$X$5:$X$204,0)+4,""))) | T30: =IF(COUNTIF(ERP导入清单!$X$5:$X$204,26)=0,"",INDEX(ERP导入清单!T:T,IFERROR(MATCH(26,ERP导入清单!$X$5:$X$204,0)+4,""))) | U30: =IF(COUNTIF(ERP导入清单!$X$5:$X$204,26)=0,"",INDEX(ERP导入清单!U:U,IFERROR(MATCH(26,ERP导入清单!$X$5:$X$204,0)+4,""))) | V30: =IF(COUNTIF(ERP导入清单!$X$5:$X$204,26)=0,"",INDEX(ERP导入清单!V:V,IFERROR(MATCH(26,ERP导入清单!$X$5:$X$204,0)+4,""))) | W30: =IF(COUNTIF(ERP导入清单!$X$5:$X$204,26)=0,"",INDEX(ERP导入清单!W:W,IFERROR(MATCH(26,ERP导入清单!$X$5:$X$204,0)+4,"")))
A31: =IF(COUNTIF(ERP导入清单!$X$5:$X$204,27)=0,"",INDEX(ERP导入清单!A:A,IFERROR(MATCH(27,ERP导入清单!$X$5:$X$204,0)+4,""))) | B31: =IF(COUNTIF(ERP导入清单!$X$5:$X$204,27)=0,"",INDEX(ERP导入清单!B:B,IFERROR(MATCH(27,ERP导入清单!$X$5:$X$204,0)+4,""))) | C31: =IF(COUNTIF(ERP导入清单!$X$5:$X$204,27)=0,"",INDEX(ERP导入清单!C:C,IFERROR(MATCH(27,ERP导入清单!$X$5:$X$204,0)+4,""))) | D31: =IF(COUNTIF(ERP导入清单!$X$5:$X$204,27)=0,"",INDEX(ERP导入清单!D:D,IFERROR(MATCH(27,ERP导入清单!$X$5:$X$204,0)+4,""))) | E31: =IF(COUNTIF(ERP导入清单!$X$5:$X$204,27)=0,"",INDEX(ERP导入清单!E:E,IFERROR(MATCH(27,ERP导入清单!$X$5:$X$204,0)+4,""))) | F31: =IF(COUNTIF(ERP导入清单!$X$5:$X$204,27)=0,"",INDEX(ERP导入清单!F:F,IFERROR(MATCH(27,ERP导入清单!$X$5:$X$204,0)+4,""))) | G31: =IF(COUNTIF(ERP导入清单!$X$5:$X$204,27)=0,"",INDEX(ERP导入清单!G:G,IFERROR(MATCH(27,ERP导入清单!$X$5:$X$204,0)+4,""))) | H31: =IF(COUNTIF(ERP导入清单!$X$5:$X$204,27)=0,"",INDEX(ERP导入清单!H:H,IFERROR(MATCH(27,ERP导入清单!$X$5:$X$204,0)+4,""))) | I31: =IF(COUNTIF(ERP导入清单!$X$5:$X$204,27)=0,"",INDEX(ERP导入清单!I:I,IFERROR(MATCH(27,ERP导入清单!$X$5:$X$204,0)+4,""))) | J31: =IF(COUNTIF(ERP导入清单!$X$5:$X$204,27)=0,"",INDEX(ERP导入清单!J:J,IFERROR(MATCH(27,ERP导入清单!$X$5:$X$204,0)+4,""))) | K31: =IF(COUNTIF(ERP导入清单!$X$5:$X$204,27)=0,"",INDEX(ERP导入清单!K:K,IFERROR(MATCH(27,ERP导入清单!$X$5:$X$204,0)+4,""))) | L31: =IF(COUNTIF(ERP导入清单!$X$5:$X$204,27)=0,"",INDEX(ERP导入清单!L:L,IFERROR(MATCH(27,ERP导入清单!$X$5:$X$204,0)+4,""))) | M31: =IF(COUNTIF(ERP导入清单!$X$5:$X$204,27)=0,"",INDEX(ERP导入清单!M:M,IFERROR(MATCH(27,ERP导入清单!$X$5:$X$204,0)+4,""))) | N31: =IF(COUNTIF(ERP导入清单!$X$5:$X$204,27)=0,"",INDEX(ERP导入清单!N:N,IFERROR(MATCH(27,ERP导入清单!$X$5:$X$204,0)+4,""))) | O31: =IF(COUNTIF(ERP导入清单!$X$5:$X$204,27)=0,"",INDEX(ERP导入清单!O:O,IFERROR(MATCH(27,ERP导入清单!$X$5:$X$204,0)+4,""))) | P31: =IF(COUNTIF(ERP导入清单!$X$5:$X$204,27)=0,"",INDEX(ERP导入清单!P:P,IFERROR(MATCH(27,ERP导入清单!$X$5:$X$204,0)+4,""))) | Q31: =IF(COUNTIF(ERP导入清单!$X$5:$X$204,27)=0,"",INDEX(ERP导入清单!Q:Q,IFERROR(MATCH(27,ERP导入清单!$X$5:$X$204,0)+4,""))) | R31: =IF(COUNTIF(ERP导入清单!$X$5:$X$204,27)=0,"",INDEX(ERP导入清单!R:R,IFERROR(MATCH(27,ERP导入清单!$X$5:$X$204,0)+4,""))) | S31: =IF(COUNTIF(ERP导入清单!$X$5:$X$204,27)=0,"",INDEX(ERP导入清单!S:S,IFERROR(MATCH(27,ERP导入清单!$X$5:$X$204,0)+4,""))) | T31: =IF(COUNTIF(ERP导入清单!$X$5:$X$204,27)=0,"",INDEX(ERP导入清单!T:T,IFERROR(MATCH(27,ERP导入清单!$X$5:$X$204,0)+4,""))) | U31: =IF(COUNTIF(ERP导入清单!$X$5:$X$204,27)=0,"",INDEX(ERP导入清单!U:U,IFERROR(MATCH(27,ERP导入清单!$X$5:$X$204,0)+4,""))) | V31: =IF(COUNTIF(ERP导入清单!$X$5:$X$204,27)=0,"",INDEX(ERP导入清单!V:V,IFERROR(MATCH(27,ERP导入清单!$X$5:$X$204,0)+4,""))) | W31: =IF(COUNTIF(ERP导入清单!$X$5:$X$204,27)=0,"",INDEX(ERP导入清单!W:W,IFERROR(MATCH(27,ERP导入清单!$X$5:$X$204,0)+4,"")))
A32: =IF(COUNTIF(ERP导入清单!$X$5:$X$204,28)=0,"",INDEX(ERP导入清单!A:A,IFERROR(MATCH(28,ERP导入清单!$X$5:$X$204,0)+4,""))) | B32: =IF(COUNTIF(ERP导入清单!$X$5:$X$204,28)=0,"",INDEX(ERP导入清单!B:B,IFERROR(MATCH(28,ERP导入清单!$X$5:$X$204,0)+4,""))) | C32: =IF(COUNTIF(ERP导入清单!$X$5:$X$204,28)=0,"",INDEX(ERP导入清单!C:C,IFERROR(MATCH(28,ERP导入清单!$X$5:$X$204,0)+4,""))) | D32: =IF(COUNTIF(ERP导入清单!$X$5:$X$204,28)=0,"",INDEX(ERP导入清单!D:D,IFERROR(MATCH(28,ERP导入清单!$X$5:$X$204,0)+4,""))) | E32: =IF(COUNTIF(ERP导入清单!$X$5:$X$204,28)=0,"",INDEX(ERP导入清单!E:E,IFERROR(MATCH(28,ERP导入清单!$X$5:$X$204,0)+4,""))) | F32: =IF(COUNTIF(ERP导入清单!$X$5:$X$204,28)=0,"",INDEX(ERP导入清单!F:F,IFERROR(MATCH(28,ERP导入清单!$X$5:$X$204,0)+4,""))) | G32: =IF(COUNTIF(ERP导入清单!$X$5:$X$204,28)=0,"",INDEX(ERP导入清单!G:G,IFERROR(MATCH(28,ERP导入清单!$X$5:$X$204,0)+4,""))) | H32: =IF(COUNTIF(ERP导入清单!$X$5:$X$204,28)=0,"",INDEX(ERP导入清单!H:H,IFERROR(MATCH(28,ERP导入清单!$X$5:$X$204,0)+4,""))) | I32: =IF(COUNTIF(ERP导入清单!$X$5:$X$204,28)=0,"",INDEX(ERP导入清单!I:I,IFERROR(MATCH(28,ERP导入清单!$X$5:$X$204,0)+4,""))) | J32: =IF(COUNTIF(ERP导入清单!$X$5:$X$204,28)=0,"",INDEX(ERP导入清单!J:J,IFERROR(MATCH(28,ERP导入清单!$X$5:$X$204,0)+4,""))) | K32: =IF(COUNTIF(ERP导入清单!$X$5:$X$204,28)=0,"",INDEX(ERP导入清单!K:K,IFERROR(MATCH(28,ERP导入清单!$X$5:$X$204,0)+4,""))) | L32: =IF(COUNTIF(ERP导入清单!$X$5:$X$204,28)=0,"",INDEX(ERP导入清单!L:L,IFERROR(MATCH(28,ERP导入清单!$X$5:$X$204,0)+4,""))) | M32: =IF(COUNTIF(ERP导入清单!$X$5:$X$204,28)=0,"",INDEX(ERP导入清单!M:M,IFERROR(MATCH(28,ERP导入清单!$X$5:$X$204,0)+4,""))) | N32: =IF(COUNTIF(ERP导入清单!$X$5:$X$204,28)=0,"",INDEX(ERP导入清单!N:N,IFERROR(MATCH(28,ERP导入清单!$X$5:$X$204,0)+4,""))) | O32: =IF(COUNTIF(ERP导入清单!$X$5:$X$204,28)=0,"",INDEX(ERP导入清单!O:O,IFERROR(MATCH(28,ERP导入清单!$X$5:$X$204,0)+4,""))) | P32: =IF(COUNTIF(ERP导入清单!$X$5:$X$204,28)=0,"",INDEX(ERP导入清单!P:P,IFERROR(MATCH(28,ERP导入清单!$X$5:$X$204,0)+4,""))) | Q32: =IF(COUNTIF(ERP导入清单!$X$5:$X$204,28)=0,"",INDEX(ERP导入清单!Q:Q,IFERROR(MATCH(28,ERP导入清单!$X$5:$X$204,0)+4,""))) | R32: =IF(COUNTIF(ERP导入清单!$X$5:$X$204,28)=0,"",INDEX(ERP导入清单!R:R,IFERROR(MATCH(28,ERP导入清单!$X$5:$X$204,0)+4,""))) | S32: =IF(COUNTIF(ERP导入清单!$X$5:$X$204,28)=0,"",INDEX(ERP导入清单!S:S,IFERROR(MATCH(28,ERP导入清单!$X$5:$X$204,0)+4,""))) | T32: =IF(COUNTIF(ERP导入清单!$X$5:$X$204,28)=0,"",INDEX(ERP导入清单!T:T,IFERROR(MATCH(28,ERP导入清单!$X$5:$X$204,0)+4,""))) | U32: =IF(COUNTIF(ERP导入清单!$X$5:$X$204,28)=0,"",INDEX(ERP导入清单!U:U,IFERROR(MATCH(28,ERP导入清单!$X$5:$X$204,0)+4,""))) | V32: =IF(COUNTIF(ERP导入清单!$X$5:$X$204,28)=0,"",INDEX(ERP导入清单!V:V,IFERROR(MATCH(28,ERP导入清单!$X$5:$X$204,0)+4,""))) | W32: =IF(COUNTIF(ERP导入清单!$X$5:$X$204,28)=0,"",INDEX(ERP导入清单!W:W,IFERROR(MATCH(28,ERP导入清单!$X$5:$X$204,0)+4,"")))
A33: =IF(COUNTIF(ERP导入清单!$X$5:$X$204,29)=0,"",INDEX(ERP导入清单!A:A,IFERROR(MATCH(29,ERP导入清单!$X$5:$X$204,0)+4,""))) | B33: =IF(COUNTIF(ERP导入清单!$X$5:$X$204,29)=0,"",INDEX(ERP导入清单!B:B,IFERROR(MATCH(29,ERP导入清单!$X$5:$X$204,0)+4,""))) | C33: =IF(COUNTIF(ERP导入清单!$X$5:$X$204,29)=0,"",INDEX(ERP导入清单!C:C,IFERROR(MATCH(29,ERP导入清单!$X$5:$X$204,0)+4,""))) | D33: =IF(COUNTIF(ERP导入清单!$X$5:$X$204,29)=0,"",INDEX(ERP导入清单!D:D,IFERROR(MATCH(29,ERP导入清单!$X$5:$X$204,0)+4,""))) | E33: =IF(COUNTIF(ERP导入清单!$X$5:$X$204,29)=0,"",INDEX(ERP导入清单!E:E,IFERROR(MATCH(29,ERP导入清单!$X$5:$X$204,0)+4,""))) | F33: =IF(COUNTIF(ERP导入清单!$X$5:$X$204,29)=0,"",INDEX(ERP导入清单!F:F,IFERROR(MATCH(29,ERP导入清单!$X$5:$X$204,0)+4,""))) | G33: =IF(COUNTIF(ERP导入清单!$X$5:$X$204,29)=0,"",INDEX(ERP导入清单!G:G,IFERROR(MATCH(29,ERP导入清单!$X$5:$X$204,0)+4,""))) | H33: =IF(COUNTIF(ERP导入清单!$X$5:$X$204,29)=0,"",INDEX(ERP导入清单!H:H,IFERROR(MATCH(29,ERP导入清单!$X$5:$X$204,0)+4,""))) | I33: =IF(COUNTIF(ERP导入清单!$X$5:$X$204,29)=0,"",INDEX(ERP导入清单!I:I,IFERROR(MATCH(29,ERP导入清单!$X$5:$X$204,0)+4,""))) | J33: =IF(COUNTIF(ERP导入清单!$X$5:$X$204,29)=0,"",INDEX(ERP导入清单!J:J,IFERROR(MATCH(29,ERP导入清单!$X$5:$X$204,0)+4,""))) | K33: =IF(COUNTIF(ERP导入清单!$X$5:$X$204,29)=0,"",INDEX(ERP导入清单!K:K,IFERROR(MATCH(29,ERP导入清单!$X$5:$X$204,0)+4,""))) | L33: =IF(COUNTIF(ERP导入清单!$X$5:$X$204,29)=0,"",INDEX(ERP导入清单!L:L,IFERROR(MATCH(29,ERP导入清单!$X$5:$X$204,0)+4,""))) | M33: =IF(COUNTIF(ERP导入清单!$X$5:$X$204,29)=0,"",INDEX(ERP导入清单!M:M,IFERROR(MATCH(29,ERP导入清单!$X$5:$X$204,0)+4,""))) | N33: =IF(COUNTIF(ERP导入清单!$X$5:$X$204,29)=0,"",INDEX(ERP导入清单!N:N,IFERROR(MATCH(29,ERP导入清单!$X$5:$X$204,0)+4,""))) | O33: =IF(COUNTIF(ERP导入清单!$X$5:$X$204,29)=0,"",INDEX(ERP导入清单!O:O,IFERROR(MATCH(29,ERP导入清单!$X$5:$X$204,0)+4,""))) | P33: =IF(COUNTIF(ERP导入清单!$X$5:$X$204,29)=0,"",INDEX(ERP导入清单!P:P,IFERROR(MATCH(29,ERP导入清单!$X$5:$X$204,0)+4,""))) | Q33: =IF(COUNTIF(ERP导入清单!$X$5:$X$204,29)=0,"",INDEX(ERP导入清单!Q:Q,IFERROR(MATCH(29,ERP导入清单!$X$5:$X$204,0)+4,""))) | R33: =IF(COUNTIF(ERP导入清单!$X$5:$X$204,29)=0,"",INDEX(ERP导入清单!R:R,IFERROR(MATCH(29,ERP导入清单!$X$5:$X$204,0)+4,""))) | S33: =IF(COUNTIF(ERP导入清单!$X$5:$X$204,29)=0,"",INDEX(ERP导入清单!S:S,IFERROR(MATCH(29,ERP导入清单!$X$5:$X$204,0)+4,""))) | T33: =IF(COUNTIF(ERP导入清单!$X$5:$X$204,29)=0,"",INDEX(ERP导入清单!T:T,IFERROR(MATCH(29,ERP导入清单!$X$5:$X$204,0)+4,""))) | U33: =IF(COUNTIF(ERP导入清单!$X$5:$X$204,29)=0,"",INDEX(ERP导入清单!U:U,IFERROR(MATCH(29,ERP导入清单!$X$5:$X$204,0)+4,""))) | V33: =IF(COUNTIF(ERP导入清单!$X$5:$X$204,29)=0,"",INDEX(ERP导入清单!V:V,IFERROR(MATCH(29,ERP导入清单!$X$5:$X$204,0)+4,""))) | W33: =IF(COUNTIF(ERP导入清单!$X$5:$X$204,29)=0,"",INDEX(ERP导入清单!W:W,IFERROR(MATCH(29,ERP导入清单!$X$5:$X$204,0)+4,"")))
A34: =IF(COUNTIF(ERP导入清单!$X$5:$X$204,30)=0,"",INDEX(ERP导入清单!A:A,IFERROR(MATCH(30,ERP导入清单!$X$5:$X$204,0)+4,""))) | B34: =IF(COUNTIF(ERP导入清单!$X$5:$X$204,30)=0,"",INDEX(ERP导入清单!B:B,IFERROR(MATCH(30,ERP导入清单!$X$5:$X$204,0)+4,""))) | C34: =IF(COUNTIF(ERP导入清单!$X$5:$X$204,30)=0,"",INDEX(ERP导入清单!C:C,IFERROR(MATCH(30,ERP导入清单!$X$5:$X$204,0)+4,""))) | D34: =IF(COUNTIF(ERP导入清单!$X$5:$X$204,30)=0,"",INDEX(ERP导入清单!D:D,IFERROR(MATCH(30,ERP导入清单!$X$5:$X$204,0)+4,""))) | E34: =IF(COUNTIF(ERP导入清单!$X$5:$X$204,30)=0,"",INDEX(ERP导入清单!E:E,IFERROR(MATCH(30,ERP导入清单!$X$5:$X$204,0)+4,""))) | F34: =IF(COUNTIF(ERP导入清单!$X$5:$X$204,30)=0,"",INDEX(ERP导入清单!F:F,IFERROR(MATCH(30,ERP导入清单!$X$5:$X$204,0)+4,""))) | G34: =IF(COUNTIF(ERP导入清单!$X$5:$X$204,30)=0,"",INDEX(ERP导入清单!G:G,IFERROR(MATCH(30,ERP导入清单!$X$5:$X$204,0)+4,""))) | H34: =IF(COUNTIF(ERP导入清单!$X$5:$X$204,30)=0,"",INDEX(ERP导入清单!H:H,IFERROR(MATCH(30,ERP导入清单!$X$5:$X$204,0)+4,""))) | I34: =IF(COUNTIF(ERP导入清单!$X$5:$X$204,30)=0,"",INDEX(ERP导入清单!I:I,IFERROR(MATCH(30,ERP导入清单!$X$5:$X$204,0)+4,""))) | J34: =IF(COUNTIF(ERP导入清单!$X$5:$X$204,30)=0,"",INDEX(ERP导入清单!J:J,IFERROR(MATCH(30,ERP导入清单!$X$5:$X$204,0)+4,""))) | K34: =IF(COUNTIF(ERP导入清单!$X$5:$X$204,30)=0,"",INDEX(ERP导入清单!K:K,IFERROR(MATCH(30,ERP导入清单!$X$5:$X$204,0)+4,""))) | L34: =IF(COUNTIF(ERP导入清单!$X$5:$X$204,30)=0,"",INDEX(ERP导入清单!L:L,IFERROR(MATCH(30,ERP导入清单!$X$5:$X$204,0)+4,""))) | M34: =IF(COUNTIF(ERP导入清单!$X$5:$X$204,30)=0,"",INDEX(ERP导入清单!M:M,IFERROR(MATCH(30,ERP导入清单!$X$5:$X$204,0)+4,""))) | N34: =IF(COUNTIF(ERP导入清单!$X$5:$X$204,30)=0,"",INDEX(ERP导入清单!N:N,IFERROR(MATCH(30,ERP导入清单!$X$5:$X$204,0)+4,""))) | O34: =IF(COUNTIF(ERP导入清单!$X$5:$X$204,30)=0,"",INDEX(ERP导入清单!O:O,IFERROR(MATCH(30,ERP导入清单!$X$5:$X$204,0)+4,""))) | P34: =IF(COUNTIF(ERP导入清单!$X$5:$X$204,30)=0,"",INDEX(ERP导入清单!P:P,IFERROR(MATCH(30,ERP导入清单!$X$5:$X$204,0)+4,""))) | Q34: =IF(COUNTIF(ERP导入清单!$X$5:$X$204,30)=0,"",INDEX(ERP导入清单!Q:Q,IFERROR(MATCH(30,ERP导入清单!$X$5:$X$204,0)+4,""))) | R34: =IF(COUNTIF(ERP导入清单!$X$5:$X$204,30)=0,"",INDEX(ERP导入清单!R:R,IFERROR(MATCH(30,ERP导入清单!$X$5:$X$204,0)+4,""))) | S34: =IF(COUNTIF(ERP导入清单!$X$5:$X$204,30)=0,"",INDEX(ERP导入清单!S:S,IFERROR(MATCH(30,ERP导入清单!$X$5:$X$204,0)+4,""))) | T34: =IF(COUNTIF(ERP导入清单!$X$5:$X$204,30)=0,"",INDEX(ERP导入清单!T:T,IFERROR(MATCH(30,ERP导入清单!$X$5:$X$204,0)+4,""))) | U34: =IF(COUNTIF(ERP导入清单!$X$5:$X$204,30)=0,"",INDEX(ERP导入清单!U:U,IFERROR(MATCH(30,ERP导入清单!$X$5:$X$204,0)+4,""))) | V34: =IF(COUNTIF(ERP导入清单!$X$5:$X$204,30)=0,"",INDEX(ERP导入清单!V:V,IFERROR(MATCH(30,ERP导入清单!$X$5:$X$204,0)+4,""))) | W34: =IF(COUNTIF(ERP导入清单!$X$5:$X$204,30)=0,"",INDEX(ERP导入清单!W:W,IFERROR(MATCH(30,ERP导入清单!$X$5:$X$204,0)+4,"")))
A35: =IF(COUNTIF(ERP导入清单!$X$5:$X$204,31)=0,"",INDEX(ERP导入清单!A:A,IFERROR(MATCH(31,ERP导入清单!$X$5:$X$204,0)+4,""))) | B35: =IF(COUNTIF(ERP导入清单!$X$5:$X$204,31)=0,"",INDEX(ERP导入清单!B:B,IFERROR(MATCH(31,ERP导入清单!$X$5:$X$204,0)+4,""))) | C35: =IF(COUNTIF(ERP导入清单!$X$5:$X$204,31)=0,"",INDEX(ERP导入清单!C:C,IFERROR(MATCH(31,ERP导入清单!$X$5:$X$204,0)+4,""))) | D35: =IF(COUNTIF(ERP导入清单!$X$5:$X$204,31)=0,"",INDEX(ERP导入清单!D:D,IFERROR(MATCH(31,ERP导入清单!$X$5:$X$204,0)+4,""))) | E35: =IF(COUNTIF(ERP导入清单!$X$5:$X$204,31)=0,"",INDEX(ERP导入清单!E:E,IFERROR(MATCH(31,ERP导入清单!$X$5:$X$204,0)+4,""))) | F35: =IF(COUNTIF(ERP导入清单!$X$5:$X$204,31)=0,"",INDEX(ERP导入清单!F:F,IFERROR(MATCH(31,ERP导入清单!$X$5:$X$204,0)+4,""))) | G35: =IF(COUNTIF(ERP导入清单!$X$5:$X$204,31)=0,"",INDEX(ERP导入清单!G:G,IFERROR(MATCH(31,ERP导入清单!$X$5:$X$204,0)+4,""))) | H35: =IF(COUNTIF(ERP导入清单!$X$5:$X$204,31)=0,"",INDEX(ERP导入清单!H:H,IFERROR(MATCH(31,ERP导入清单!$X$5:$X$204,0)+4,""))) | I35: =IF(COUNTIF(ERP导入清单!$X$5:$X$204,31)=0,"",INDEX(ERP导入清单!I:I,IFERROR(MATCH(31,ERP导入清单!$X$5:$X$204,0)+4,""))) | J35: =IF(COUNTIF(ERP导入清单!$X$5:$X$204,31)=0,"",INDEX(ERP导入清单!J:J,IFERROR(MATCH(31,ERP导入清单!$X$5:$X$204,0)+4,""))) | K35: =IF(COUNTIF(ERP导入清单!$X$5:$X$204,31)=0,"",INDEX(ERP导入清单!K:K,IFERROR(MATCH(31,ERP导入清单!$X$5:$X$204,0)+4,""))) | L35: =IF(COUNTIF(ERP导入清单!$X$5:$X$204,31)=0,"",INDEX(ERP导入清单!L:L,IFERROR(MATCH(31,ERP导入清单!$X$5:$X$204,0)+4,""))) | M35: =IF(COUNTIF(ERP导入清单!$X$5:$X$204,31)=0,"",INDEX(ERP导入清单!M:M,IFERROR(MATCH(31,ERP导入清单!$X$5:$X$204,0)+4,""))) | N35: =IF(COUNTIF(ERP导入清单!$X$5:$X$204,31)=0,"",INDEX(ERP导入清单!N:N,IFERROR(MATCH(31,ERP导入清单!$X$5:$X$204,0)+4,""))) | O35: =IF(COUNTIF(ERP导入清单!$X$5:$X$204,31)=0,"",INDEX(ERP导入清单!O:O,IFERROR(MATCH(31,ERP导入清单!$X$5:$X$204,0)+4,""))) | P35: =IF(COUNTIF(ERP导入清单!$X$5:$X$204,31)=0,"",INDEX(ERP导入清单!P:P,IFERROR(MATCH(31,ERP导入清单!$X$5:$X$204,0)+4,""))) | Q35: =IF(COUNTIF(ERP导入清单!$X$5:$X$204,31)=0,"",INDEX(ERP导入清单!Q:Q,IFERROR(MATCH(31,ERP导入清单!$X$5:$X$204,0)+4,""))) | R35: =IF(COUNTIF(ERP导入清单!$X$5:$X$204,31)=0,"",INDEX(ERP导入清单!R:R,IFERROR(MATCH(31,ERP导入清单!$X$5:$X$204,0)+4,""))) | S35: =IF(COUNTIF(ERP导入清单!$X$5:$X$204,31)=0,"",INDEX(ERP导入清单!S:S,IFERROR(MATCH(31,ERP导入清单!$X$5:$X$204,0)+4,""))) | T35: =IF(COUNTIF(ERP导入清单!$X$5:$X$204,31)=0,"",INDEX(ERP导入清单!T:T,IFERROR(MATCH(31,ERP导入清单!$X$5:$X$204,0)+4,""))) | U35: =IF(COUNTIF(ERP导入清单!$X$5:$X$204,31)=0,"",INDEX(ERP导入清单!U:U,IFERROR(MATCH(31,ERP导入清单!$X$5:$X$204,0)+4,""))) | V35: =IF(COUNTIF(ERP导入清单!$X$5:$X$204,31)=0,"",INDEX(ERP导入清单!V:V,IFERROR(MATCH(31,ERP导入清单!$X$5:$X$204,0)+4,""))) | W35: =IF(COUNTIF(ERP导入清单!$X$5:$X$204,31)=0,"",INDEX(ERP导入清单!W:W,IFERROR(MATCH(31,ERP导入清单!$X$5:$X$204,0)+4,"")))
A36: =IF(COUNTIF(ERP导入清单!$X$5:$X$204,32)=0,"",INDEX(ERP导入清单!A:A,IFERROR(MATCH(32,ERP导入清单!$X$5:$X$204,0)+4,""))) | B36: =IF(COUNTIF(ERP导入清单!$X$5:$X$204,32)=0,"",INDEX(ERP导入清单!B:B,IFERROR(MATCH(32,ERP导入清单!$X$5:$X$204,0)+4,""))) | C36: =IF(COUNTIF(ERP导入清单!$X$5:$X$204,32)=0,"",INDEX(ERP导入清单!C:C,IFERROR(MATCH(32,ERP导入清单!$X$5:$X$204,0)+4,""))) | D36: =IF(COUNTIF(ERP导入清单!$X$5:$X$204,32)=0,"",INDEX(ERP导入清单!D:D,IFERROR(MATCH(32,ERP导入清单!$X$5:$X$204,0)+4,""))) | E36: =IF(COUNTIF(ERP导入清单!$X$5:$X$204,32)=0,"",INDEX(ERP导入清单!E:E,IFERROR(MATCH(32,ERP导入清单!$X$5:$X$204,0)+4,""))) | F36: =IF(COUNTIF(ERP导入清单!$X$5:$X$204,32)=0,"",INDEX(ERP导入清单!F:F,IFERROR(MATCH(32,ERP导入清单!$X$5:$X$204,0)+4,""))) | G36: =IF(COUNTIF(ERP导入清单!$X$5:$X$204,32)=0,"",INDEX(ERP导入清单!G:G,IFERROR(MATCH(32,ERP导入清单!$X$5:$X$204,0)+4,""))) | H36: =IF(COUNTIF(ERP导入清单!$X$5:$X$204,32)=0,"",INDEX(ERP导入清单!H:H,IFERROR(MATCH(32,ERP导入清单!$X$5:$X$204,0)+4,""))) | I36: =IF(COUNTIF(ERP导入清单!$X$5:$X$204,32)=0,"",INDEX(ERP导入清单!I:I,IFERROR(MATCH(32,ERP导入清单!$X$5:$X$204,0)+4,""))) | J36: =IF(COUNTIF(ERP导入清单!$X$5:$X$204,32)=0,"",INDEX(ERP导入清单!J:J,IFERROR(MATCH(32,ERP导入清单!$X$5:$X$204,0)+4,""))) | K36: =IF(COUNTIF(ERP导入清单!$X$5:$X$204,32)=0,"",INDEX(ERP导入清单!K:K,IFERROR(MATCH(32,ERP导入清单!$X$5:$X$204,0)+4,""))) | L36: =IF(COUNTIF(ERP导入清单!$X$5:$X$204,32)=0,"",INDEX(ERP导入清单!L:L,IFERROR(MATCH(32,ERP导入清单!$X$5:$X$204,0)+4,""))) | M36: =IF(COUNTIF(ERP导入清单!$X$5:$X$204,32)=0,"",INDEX(ERP导入清单!M:M,IFERROR(MATCH(32,ERP导入清单!$X$5:$X$204,0)+4,""))) | N36: =IF(COUNTIF(ERP导入清单!$X$5:$X$204,32)=0,"",INDEX(ERP导入清单!N:N,IFERROR(MATCH(32,ERP导入清单!$X$5:$X$204,0)+4,""))) | O36: =IF(COUNTIF(ERP导入清单!$X$5:$X$204,32)=0,"",INDEX(ERP导入清单!O:O,IFERROR(MATCH(32,ERP导入清单!$X$5:$X$204,0)+4,""))) | P36: =IF(COUNTIF(ERP导入清单!$X$5:$X$204,32)=0,"",INDEX(ERP导入清单!P:P,IFERROR(MATCH(32,ERP导入清单!$X$5:$X$204,0)+4,""))) | Q36: =IF(COUNTIF(ERP导入清单!$X$5:$X$204,32)=0,"",INDEX(ERP导入清单!Q:Q,IFERROR(MATCH(32,ERP导入清单!$X$5:$X$204,0)+4,""))) | R36: =IF(COUNTIF(ERP导入清单!$X$5:$X$204,32)=0,"",INDEX(ERP导入清单!R:R,IFERROR(MATCH(32,ERP导入清单!$X$5:$X$204,0)+4,""))) | S36: =IF(COUNTIF(ERP导入清单!$X$5:$X$204,32)=0,"",INDEX(ERP导入清单!S:S,IFERROR(MATCH(32,ERP导入清单!$X$5:$X$204,0)+4,""))) | T36: =IF(COUNTIF(ERP导入清单!$X$5:$X$204,32)=0,"",INDEX(ERP导入清单!T:T,IFERROR(MATCH(32,ERP导入清单!$X$5:$X$204,0)+4,""))) | U36: =IF(COUNTIF(ERP导入清单!$X$5:$X$204,32)=0,"",INDEX(ERP导入清单!U:U,IFERROR(MATCH(32,ERP导入清单!$X$5:$X$204,0)+4,""))) | V36: =IF(COUNTIF(ERP导入清单!$X$5:$X$204,32)=0,"",INDEX(ERP导入清单!V:V,IFERROR(MATCH(32,ERP导入清单!$X$5:$X$204,0)+4,""))) | W36: =IF(COUNTIF(ERP导入清单!$X$5:$X$204,32)=0,"",INDEX(ERP导入清单!W:W,IFERROR(MATCH(32,ERP导入清单!$X$5:$X$204,0)+4,"")))
A37: =IF(COUNTIF(ERP导入清单!$X$5:$X$204,33)=0,"",INDEX(ERP导入清单!A:A,IFERROR(MATCH(33,ERP导入清单!$X$5:$X$204,0)+4,""))) | B37: =IF(COUNTIF(ERP导入清单!$X$5:$X$204,33)=0,"",INDEX(ERP导入清单!B:B,IFERROR(MATCH(33,ERP导入清单!$X$5:$X$204,0)+4,""))) | C37: =IF(COUNTIF(ERP导入清单!$X$5:$X$204,33)=0,"",INDEX(ERP导入清单!C:C,IFERROR(MATCH(33,ERP导入清单!$X$5:$X$204,0)+4,""))) | D37: =IF(COUNTIF(ERP导入清单!$X$5:$X$204,33)=0,"",INDEX(ERP导入清单!D:D,IFERROR(MATCH(33,ERP导入清单!$X$5:$X$204,0)+4,""))) | E37: =IF(COUNTIF(ERP导入清单!$X$5:$X$204,33)=0,"",INDEX(ERP导入清单!E:E,IFERROR(MATCH(33,ERP导入清单!$X$5:$X$204,0)+4,""))) | F37: =IF(COUNTIF(ERP导入清单!$X$5:$X$204,33)=0,"",INDEX(ERP导入清单!F:F,IFERROR(MATCH(33,ERP导入清单!$X$5:$X$204,0)+4,""))) | G37: =IF(COUNTIF(ERP导入清单!$X$5:$X$204,33)=0,"",INDEX(ERP导入清单!G:G,IFERROR(MATCH(33,ERP导入清单!$X$5:$X$204,0)+4,""))) | H37: =IF(COUNTIF(ERP导入清单!$X$5:$X$204,33)=0,"",INDEX(ERP导入清单!H:H,IFERROR(MATCH(33,ERP导入清单!$X$5:$X$204,0)+4,""))) | I37: =IF(COUNTIF(ERP导入清单!$X$5:$X$204,33)=0,"",INDEX(ERP导入清单!I:I,IFERROR(MATCH(33,ERP导入清单!$X$5:$X$204,0)+4,""))) | J37: =IF(COUNTIF(ERP导入清单!$X$5:$X$204,33)=0,"",INDEX(ERP导入清单!J:J,IFERROR(MATCH(33,ERP导入清单!$X$5:$X$204,0)+4,""))) | K37: =IF(COUNTIF(ERP导入清单!$X$5:$X$204,33)=0,"",INDEX(ERP导入清单!K:K,IFERROR(MATCH(33,ERP导入清单!$X$5:$X$204,0)+4,""))) | L37: =IF(COUNTIF(ERP导入清单!$X$5:$X$204,33)=0,"",INDEX(ERP导入清单!L:L,IFERROR(MATCH(33,ERP导入清单!$X$5:$X$204,0)+4,""))) | M37: =IF(COUNTIF(ERP导入清单!$X$5:$X$204,33)=0,"",INDEX(ERP导入清单!M:M,IFERROR(MATCH(33,ERP导入清单!$X$5:$X$204,0)+4,""))) | N37: =IF(COUNTIF(ERP导入清单!$X$5:$X$204,33)=0,"",INDEX(ERP导入清单!N:N,IFERROR(MATCH(33,ERP导入清单!$X$5:$X$204,0)+4,""))) | O37: =IF(COUNTIF(ERP导入清单!$X$5:$X$204,33)=0,"",INDEX(ERP导入清单!O:O,IFERROR(MATCH(33,ERP导入清单!$X$5:$X$204,0)+4,""))) | P37: =IF(COUNTIF(ERP导入清单!$X$5:$X$204,33)=0,"",INDEX(ERP导入清单!P:P,IFERROR(MATCH(33,ERP导入清单!$X$5:$X$204,0)+4,""))) | Q37: =IF(COUNTIF(ERP导入清单!$X$5:$X$204,33)=0,"",INDEX(ERP导入清单!Q:Q,IFERROR(MATCH(33,ERP导入清单!$X$5:$X$204,0)+4,""))) | R37: =IF(COUNTIF(ERP导入清单!$X$5:$X$204,33)=0,"",INDEX(ERP导入清单!R:R,IFERROR(MATCH(33,ERP导入清单!$X$5:$X$204,0)+4,""))) | S37: =IF(COUNTIF(ERP导入清单!$X$5:$X$204,33)=0,"",INDEX(ERP导入清单!S:S,IFERROR(MATCH(33,ERP导入清单!$X$5:$X$204,0)+4,""))) | T37: =IF(COUNTIF(ERP导入清单!$X$5:$X$204,33)=0,"",INDEX(ERP导入清单!T:T,IFERROR(MATCH(33,ERP导入清单!$X$5:$X$204,0)+4,""))) | U37: =IF(COUNTIF(ERP导入清单!$X$5:$X$204,33)=0,"",INDEX(ERP导入清单!U:U,IFERROR(MATCH(33,ERP导入清单!$X$5:$X$204,0)+4,""))) | V37: =IF(COUNTIF(ERP导入清单!$X$5:$X$204,33)=0,"",INDEX(ERP导入清单!V:V,IFERROR(MATCH(33,ERP导入清单!$X$5:$X$204,0)+4,""))) | W37: =IF(COUNTIF(ERP导入清单!$X$5:$X$204,33)=0,"",INDEX(ERP导入清单!W:W,IFERROR(MATCH(33,ERP导入清单!$X$5:$X$204,0)+4,"")))
A38: =IF(COUNTIF(ERP导入清单!$X$5:$X$204,34)=0,"",INDEX(ERP导入清单!A:A,IFERROR(MATCH(34,ERP导入清单!$X$5:$X$204,0)+4,""))) | B38: =IF(COUNTIF(ERP导入清单!$X$5:$X$204,34)=0,"",INDEX(ERP导入清单!B:B,IFERROR(MATCH(34,ERP导入清单!$X$5:$X$204,0)+4,""))) | C38: =IF(COUNTIF(ERP导入清单!$X$5:$X$204,34)=0,"",INDEX(ERP导入清单!C:C,IFERROR(MATCH(34,ERP导入清单!$X$5:$X$204,0)+4,""))) | D38: =IF(COUNTIF(ERP导入清单!$X$5:$X$204,34)=0,"",INDEX(ERP导入清单!D:D,IFERROR(MATCH(34,ERP导入清单!$X$5:$X$204,0)+4,""))) | E38: =IF(COUNTIF(ERP导入清单!$X$5:$X$204,34)=0,"",INDEX(ERP导入清单!E:E,IFERROR(MATCH(34,ERP导入清单!$X$5:$X$204,0)+4,""))) | F38: =IF(COUNTIF(ERP导入清单!$X$5:$X$204,34)=0,"",INDEX(ERP导入清单!F:F,IFERROR(MATCH(34,ERP导入清单!$X$5:$X$204,0)+4,""))) | G38: =IF(COUNTIF(ERP导入清单!$X$5:$X$204,34)=0,"",INDEX(ERP导入清单!G:G,IFERROR(MATCH(34,ERP导入清单!$X$5:$X$204,0)+4,""))) | H38: =IF(COUNTIF(ERP导入清单!$X$5:$X$204,34)=0,"",INDEX(ERP导入清单!H:H,IFERROR(MATCH(34,ERP导入清单!$X$5:$X$204,0)+4,""))) | I38: =IF(COUNTIF(ERP导入清单!$X$5:$X$204,34)=0,"",INDEX(ERP导入清单!I:I,IFERROR(MATCH(34,ERP导入清单!$X$5:$X$204,0)+4,""))) | J38: =IF(COUNTIF(ERP导入清单!$X$5:$X$204,34)=0,"",INDEX(ERP导入清单!J:J,IFERROR(MATCH(34,ERP导入清单!$X$5:$X$204,0)+4,""))) | K38: =IF(COUNTIF(ERP导入清单!$X$5:$X$204,34)=0,"",INDEX(ERP导入清单!K:K,IFERROR(MATCH(34,ERP导入清单!$X$5:$X$204,0)+4,""))) | L38: =IF(COUNTIF(ERP导入清单!$X$5:$X$204,34)=0,"",INDEX(ERP导入清单!L:L,IFERROR(MATCH(34,ERP导入清单!$X$5:$X$204,0)+4,""))) | M38: =IF(COUNTIF(ERP导入清单!$X$5:$X$204,34)=0,"",INDEX(ERP导入清单!M:M,IFERROR(MATCH(34,ERP导入清单!$X$5:$X$204,0)+4,""))) | N38: =IF(COUNTIF(ERP导入清单!$X$5:$X$204,34)=0,"",INDEX(ERP导入清单!N:N,IFERROR(MATCH(34,ERP导入清单!$X$5:$X$204,0)+4,""))) | O38: =IF(COUNTIF(ERP导入清单!$X$5:$X$204,34)=0,"",INDEX(ERP导入清单!O:O,IFERROR(MATCH(34,ERP导入清单!$X$5:$X$204,0)+4,""))) | P38: =IF(COUNTIF(ERP导入清单!$X$5:$X$204,34)=0,"",INDEX(ERP导入清单!P:P,IFERROR(MATCH(34,ERP导入清单!$X$5:$X$204,0)+4,""))) | Q38: =IF(COUNTIF(ERP导入清单!$X$5:$X$204,34)=0,"",INDEX(ERP导入清单!Q:Q,IFERROR(MATCH(34,ERP导入清单!$X$5:$X$204,0)+4,""))) | R38: =IF(COUNTIF(ERP导入清单!$X$5:$X$204,34)=0,"",INDEX(ERP导入清单!R:R,IFERROR(MATCH(34,ERP导入清单!$X$5:$X$204,0)+4,""))) | S38: =IF(COUNTIF(ERP导入清单!$X$5:$X$204,34)=0,"",INDEX(ERP导入清单!S:S,IFERROR(MATCH(34,ERP导入清单!$X$5:$X$204,0)+4,""))) | T38: =IF(COUNTIF(ERP导入清单!$X$5:$X$204,34)=0,"",INDEX(ERP导入清单!T:T,IFERROR(MATCH(34,ERP导入清单!$X$5:$X$204,0)+4,""))) | U38: =IF(COUNTIF(ERP导入清单!$X$5:$X$204,34)=0,"",INDEX(ERP导入清单!U:U,IFERROR(MATCH(34,ERP导入清单!$X$5:$X$204,0)+4,""))) | V38: =IF(COUNTIF(ERP导入清单!$X$5:$X$204,34)=0,"",INDEX(ERP导入清单!V:V,IFERROR(MATCH(34,ERP导入清单!$X$5:$X$204,0)+4,""))) | W38: =IF(COUNTIF(ERP导入清单!$X$5:$X$204,34)=0,"",INDEX(ERP导入清单!W:W,IFERROR(MATCH(34,ERP导入清单!$X$5:$X$204,0)+4,"")))
A39: =IF(COUNTIF(ERP导入清单!$X$5:$X$204,35)=0,"",INDEX(ERP导入清单!A:A,IFERROR(MATCH(35,ERP导入清单!$X$5:$X$204,0)+4,""))) | B39: =IF(COUNTIF(ERP导入清单!$X$5:$X$204,35)=0,"",INDEX(ERP导入清单!B:B,IFERROR(MATCH(35,ERP导入清单!$X$5:$X$204,0)+4,""))) | C39: =IF(COUNTIF(ERP导入清单!$X$5:$X$204,35)=0,"",INDEX(ERP导入清单!C:C,IFERROR(MATCH(35,ERP导入清单!$X$5:$X$204,0)+4,""))) | D39: =IF(COUNTIF(ERP导入清单!$X$5:$X$204,35)=0,"",INDEX(ERP导入清单!D:D,IFERROR(MATCH(35,ERP导入清单!$X$5:$X$204,0)+4,""))) | E39: =IF(COUNTIF(ERP导入清单!$X$5:$X$204,35)=0,"",INDEX(ERP导入清单!E:E,IFERROR(MATCH(35,ERP导入清单!$X$5:$X$204,0)+4,""))) | F39: =IF(COUNTIF(ERP导入清单!$X$5:$X$204,35)=0,"",INDEX(ERP导入清单!F:F,IFERROR(MATCH(35,ERP导入清单!$X$5:$X$204,0)+4,""))) | G39: =IF(COUNTIF(ERP导入清单!$X$5:$X$204,35)=0,"",INDEX(ERP导入清单!G:G,IFERROR(MATCH(35,ERP导入清单!$X$5:$X$204,0)+4,""))) | H39: =IF(COUNTIF(ERP导入清单!$X$5:$X$204,35)=0,"",INDEX(ERP导入清单!H:H,IFERROR(MATCH(35,ERP导入清单!$X$5:$X$204,0)+4,""))) | I39: =IF(COUNTIF(ERP导入清单!$X$5:$X$204,35)=0,"",INDEX(ERP导入清单!I:I,IFERROR(MATCH(35,ERP导入清单!$X$5:$X$204,0)+4,""))) | J39: =IF(COUNTIF(ERP导入清单!$X$5:$X$204,35)=0,"",INDEX(ERP导入清单!J:J,IFERROR(MATCH(35,ERP导入清单!$X$5:$X$204,0)+4,""))) | K39: =IF(COUNTIF(ERP导入清单!$X$5:$X$204,35)=0,"",INDEX(ERP导入清单!K:K,IFERROR(MATCH(35,ERP导入清单!$X$5:$X$204,0)+4,""))) | L39: =IF(COUNTIF(ERP导入清单!$X$5:$X$204,35)=0,"",INDEX(ERP导入清单!L:L,IFERROR(MATCH(35,ERP导入清单!$X$5:$X$204,0)+4,""))) | M39: =IF(COUNTIF(ERP导入清单!$X$5:$X$204,35)=0,"",INDEX(ERP导入清单!M:M,IFERROR(MATCH(35,ERP导入清单!$X$5:$X$204,0)+4,""))) | N39: =IF(COUNTIF(ERP导入清单!$X$5:$X$204,35)=0,"",INDEX(ERP导入清单!N:N,IFERROR(MATCH(35,ERP导入清单!$X$5:$X$204,0)+4,""))) | O39: =IF(COUNTIF(ERP导入清单!$X$5:$X$204,35)=0,"",INDEX(ERP导入清单!O:O,IFERROR(MATCH(35,ERP导入清单!$X$5:$X$204,0)+4,""))) | P39: =IF(COUNTIF(ERP导入清单!$X$5:$X$204,35)=0,"",INDEX(ERP导入清单!P:P,IFERROR(MATCH(35,ERP导入清单!$X$5:$X$204,0)+4,""))) | Q39: =IF(COUNTIF(ERP导入清单!$X$5:$X$204,35)=0,"",INDEX(ERP导入清单!Q:Q,IFERROR(MATCH(35,ERP导入清单!$X$5:$X$204,0)+4,""))) | R39: =IF(COUNTIF(ERP导入清单!$X$5:$X$204,35)=0,"",INDEX(ERP导入清单!R:R,IFERROR(MATCH(35,ERP导入清单!$X$5:$X$204,0)+4,""))) | S39: =IF(COUNTIF(ERP导入清单!$X$5:$X$204,35)=0,"",INDEX(ERP导入清单!S:S,IFERROR(MATCH(35,ERP导入清单!$X$5:$X$204,0)+4,""))) | T39: =IF(COUNTIF(ERP导入清单!$X$5:$X$204,35)=0,"",INDEX(ERP导入清单!T:T,IFERROR(MATCH(35,ERP导入清单!$X$5:$X$204,0)+4,""))) | U39: =IF(COUNTIF(ERP导入清单!$X$5:$X$204,35)=0,"",INDEX(ERP导入清单!U:U,IFERROR(MATCH(35,ERP导入清单!$X$5:$X$204,0)+4,""))) | V39: =IF(COUNTIF(ERP导入清单!$X$5:$X$204,35)=0,"",INDEX(ERP导入清单!V:V,IFERROR(MATCH(35,ERP导入清单!$X$5:$X$204,0)+4,""))) | W39: =IF(COUNTIF(ERP导入清单!$X$5:$X$204,35)=0,"",INDEX(ERP导入清单!W:W,IFERROR(MATCH(35,ERP导入清单!$X$5:$X$204,0)+4,"")))
A40: =IF(COUNTIF(ERP导入清单!$X$5:$X$204,36)=0,"",INDEX(ERP导入清单!A:A,IFERROR(MATCH(36,ERP导入清单!$X$5:$X$204,0)+4,""))) | B40: =IF(COUNTIF(ERP导入清单!$X$5:$X$204,36)=0,"",INDEX(ERP导入清单!B:B,IFERROR(MATCH(36,ERP导入清单!$X$5:$X$204,0)+4,""))) | C40: =IF(COUNTIF(ERP导入清单!$X$5:$X$204,36)=0,"",INDEX(ERP导入清单!C:C,IFERROR(MATCH(36,ERP导入清单!$X$5:$X$204,0)+4,""))) | D40: =IF(COUNTIF(ERP导入清单!$X$5:$X$204,36)=0,"",INDEX(ERP导入清单!D:D,IFERROR(MATCH(36,ERP导入清单!$X$5:$X$204,0)+4,""))) | E40: =IF(COUNTIF(ERP导入清单!$X$5:$X$204,36)=0,"",INDEX(ERP导入清单!E:E,IFERROR(MATCH(36,ERP导入清单!$X$5:$X$204,0)+4,""))) | F40: =IF(COUNTIF(ERP导入清单!$X$5:$X$204,36)=0,"",INDEX(ERP导入清单!F:F,IFERROR(MATCH(36,ERP导入清单!$X$5:$X$204,0)+4,""))) | G40: =IF(COUNTIF(ERP导入清单!$X$5:$X$204,36)=0,"",INDEX(ERP导入清单!G:G,IFERROR(MATCH(36,ERP导入清单!$X$5:$X$204,0)+4,""))) | H40: =IF(COUNTIF(ERP导入清单!$X$5:$X$204,36)=0,"",INDEX(ERP导入清单!H:H,IFERROR(MATCH(36,ERP导入清单!$X$5:$X$204,0)+4,""))) | I40: =IF(COUNTIF(ERP导入清单!$X$5:$X$204,36)=0,"",INDEX(ERP导入清单!I:I,IFERROR(MATCH(36,ERP导入清单!$X$5:$X$204,0)+4,""))) | J40: =IF(COUNTIF(ERP导入清单!$X$5:$X$204,36)=0,"",INDEX(ERP导入清单!J:J,IFERROR(MATCH(36,ERP导入清单!$X$5:$X$204,0)+4,""))) | K40: =IF(COUNTIF(ERP导入清单!$X$5:$X$204,36)=0,"",INDEX(ERP导入清单!K:K,IFERROR(MATCH(36,ERP导入清单!$X$5:$X$204,0)+4,""))) | L40: =IF(COUNTIF(ERP导入清单!$X$5:$X$204,36)=0,"",INDEX(ERP导入清单!L:L,IFERROR(MATCH(36,ERP导入清单!$X$5:$X$204,0)+4,""))) | M40: =IF(COUNTIF(ERP导入清单!$X$5:$X$204,36)=0,"",INDEX(ERP导入清单!M:M,IFERROR(MATCH(36,ERP导入清单!$X$5:$X$204,0)+4,""))) | N40: =IF(COUNTIF(ERP导入清单!$X$5:$X$204,36)=0,"",INDEX(ERP导入清单!N:N,IFERROR(MATCH(36,ERP导入清单!$X$5:$X$204,0)+4,""))) | O40: =IF(COUNTIF(ERP导入清单!$X$5:$X$204,36)=0,"",INDEX(ERP导入清单!O:O,IFERROR(MATCH(36,ERP导入清单!$X$5:$X$204,0)+4,""))) | P40: =IF(COUNTIF(ERP导入清单!$X$5:$X$204,36)=0,"",INDEX(ERP导入清单!P:P,IFERROR(MATCH(36,ERP导入清单!$X$5:$X$204,0)+4,""))) | Q40: =IF(COUNTIF(ERP导入清单!$X$5:$X$204,36)=0,"",INDEX(ERP导入清单!Q:Q,IFERROR(MATCH(36,ERP导入清单!$X$5:$X$204,0)+4,""))) | R40: =IF(COUNTIF(ERP导入清单!$X$5:$X$204,36)=0,"",INDEX(ERP导入清单!R:R,IFERROR(MATCH(36,ERP导入清单!$X$5:$X$204,0)+4,""))) | S40: =IF(COUNTIF(ERP导入清单!$X$5:$X$204,36)=0,"",INDEX(ERP导入清单!S:S,IFERROR(MATCH(36,ERP导入清单!$X$5:$X$204,0)+4,""))) | T40: =IF(COUNTIF(ERP导入清单!$X$5:$X$204,36)=0,"",INDEX(ERP导入清单!T:T,IFERROR(MATCH(36,ERP导入清单!$X$5:$X$204,0)+4,""))) | U40: =IF(COUNTIF(ERP导入清单!$X$5:$X$204,36)=0,"",INDEX(ERP导入清单!U:U,IFERROR(MATCH(36,ERP导入清单!$X$5:$X$204,0)+4,""))) | V40: =IF(COUNTIF(ERP导入清单!$X$5:$X$204,36)=0,"",INDEX(ERP导入清单!V:V,IFERROR(MATCH(36,ERP导入清单!$X$5:$X$204,0)+4,""))) | W40: =IF(COUNTIF(ERP导入清单!$X$5:$X$204,36)=0,"",INDEX(ERP导入清单!W:W,IFERROR(MATCH(36,ERP导入清单!$X$5:$X$204,0)+4,"")))
A41: =IF(COUNTIF(ERP导入清单!$X$5:$X$204,37)=0,"",INDEX(ERP导入清单!A:A,IFERROR(MATCH(37,ERP导入清单!$X$5:$X$204,0)+4,""))) | B41: =IF(COUNTIF(ERP导入清单!$X$5:$X$204,37)=0,"",INDEX(ERP导入清单!B:B,IFERROR(MATCH(37,ERP导入清单!$X$5:$X$204,0)+4,""))) | C41: =IF(COUNTIF(ERP导入清单!$X$5:$X$204,37)=0,"",INDEX(ERP导入清单!C:C,IFERROR(MATCH(37,ERP导入清单!$X$5:$X$204,0)+4,""))) | D41: =IF(COUNTIF(ERP导入清单!$X$5:$X$204,37)=0,"",INDEX(ERP导入清单!D:D,IFERROR(MATCH(37,ERP导入清单!$X$5:$X$204,0)+4,""))) | E41: =IF(COUNTIF(ERP导入清单!$X$5:$X$204,37)=0,"",INDEX(ERP导入清单!E:E,IFERROR(MATCH(37,ERP导入清单!$X$5:$X$204,0)+4,""))) | F41: =IF(COUNTIF(ERP导入清单!$X$5:$X$204,37)=0,"",INDEX(ERP导入清单!F:F,IFERROR(MATCH(37,ERP导入清单!$X$5:$X$204,0)+4,""))) | G41: =IF(COUNTIF(ERP导入清单!$X$5:$X$204,37)=0,"",INDEX(ERP导入清单!G:G,IFERROR(MATCH(37,ERP导入清单!$X$5:$X$204,0)+4,""))) | H41: =IF(COUNTIF(ERP导入清单!$X$5:$X$204,37)=0,"",INDEX(ERP导入清单!H:H,IFERROR(MATCH(37,ERP导入清单!$X$5:$X$204,0)+4,""))) | I41: =IF(COUNTIF(ERP导入清单!$X$5:$X$204,37)=0,"",INDEX(ERP导入清单!I:I,IFERROR(MATCH(37,ERP导入清单!$X$5:$X$204,0)+4,""))) | J41: =IF(COUNTIF(ERP导入清单!$X$5:$X$204,37)=0,"",INDEX(ERP导入清单!J:J,IFERROR(MATCH(37,ERP导入清单!$X$5:$X$204,0)+4,""))) | K41: =IF(COUNTIF(ERP导入清单!$X$5:$X$204,37)=0,"",INDEX(ERP导入清单!K:K,IFERROR(MATCH(37,ERP导入清单!$X$5:$X$204,0)+4,""))) | L41: =IF(COUNTIF(ERP导入清单!$X$5:$X$204,37)=0,"",INDEX(ERP导入清单!L:L,IFERROR(MATCH(37,ERP导入清单!$X$5:$X$204,0)+4,""))) | M41: =IF(COUNTIF(ERP导入清单!$X$5:$X$204,37)=0,"",INDEX(ERP导入清单!M:M,IFERROR(MATCH(37,ERP导入清单!$X$5:$X$204,0)+4,""))) | N41: =IF(COUNTIF(ERP导入清单!$X$5:$X$204,37)=0,"",INDEX(ERP导入清单!N:N,IFERROR(MATCH(37,ERP导入清单!$X$5:$X$204,0)+4,""))) | O41: =IF(COUNTIF(ERP导入清单!$X$5:$X$204,37)=0,"",INDEX(ERP导入清单!O:O,IFERROR(MATCH(37,ERP导入清单!$X$5:$X$204,0)+4,""))) | P41: =IF(COUNTIF(ERP导入清单!$X$5:$X$204,37)=0,"",INDEX(ERP导入清单!P:P,IFERROR(MATCH(37,ERP导入清单!$X$5:$X$204,0)+4,""))) | Q41: =IF(COUNTIF(ERP导入清单!$X$5:$X$204,37)=0,"",INDEX(ERP导入清单!Q:Q,IFERROR(MATCH(37,ERP导入清单!$X$5:$X$204,0)+4,""))) | R41: =IF(COUNTIF(ERP导入清单!$X$5:$X$204,37)=0,"",INDEX(ERP导入清单!R:R,IFERROR(MATCH(37,ERP导入清单!$X$5:$X$204,0)+4,""))) | S41: =IF(COUNTIF(ERP导入清单!$X$5:$X$204,37)=0,"",INDEX(ERP导入清单!S:S,IFERROR(MATCH(37,ERP导入清单!$X$5:$X$204,0)+4,""))) | T41: =IF(COUNTIF(ERP导入清单!$X$5:$X$204,37)=0,"",INDEX(ERP导入清单!T:T,IFERROR(MATCH(37,ERP导入清单!$X$5:$X$204,0)+4,""))) | U41: =IF(COUNTIF(ERP导入清单!$X$5:$X$204,37)=0,"",INDEX(ERP导入清单!U:U,IFERROR(MATCH(37,ERP导入清单!$X$5:$X$204,0)+4,""))) | V41: =IF(COUNTIF(ERP导入清单!$X$5:$X$204,37)=0,"",INDEX(ERP导入清单!V:V,IFERROR(MATCH(37,ERP导入清单!$X$5:$X$204,0)+4,""))) | W41: =IF(COUNTIF(ERP导入清单!$X$5:$X$204,37)=0,"",INDEX(ERP导入清单!W:W,IFERROR(MATCH(37,ERP导入清单!$X$5:$X$204,0)+4,"")))
A42: =IF(COUNTIF(ERP导入清单!$X$5:$X$204,38)=0,"",INDEX(ERP导入清单!A:A,IFERROR(MATCH(38,ERP导入清单!$X$5:$X$204,0)+4,""))) | B42: =IF(COUNTIF(ERP导入清单!$X$5:$X$204,38)=0,"",INDEX(ERP导入清单!B:B,IFERROR(MATCH(38,ERP导入清单!$X$5:$X$204,0)+4,""))) | C42: =IF(COUNTIF(ERP导入清单!$X$5:$X$204,38)=0,"",INDEX(ERP导入清单!C:C,IFERROR(MATCH(38,ERP导入清单!$X$5:$X$204,0)+4,""))) | D42: =IF(COUNTIF(ERP导入清单!$X$5:$X$204,38)=0,"",INDEX(ERP导入清单!D:D,IFERROR(MATCH(38,ERP导入清单!$X$5:$X$204,0)+4,""))) | E42: =IF(COUNTIF(ERP导入清单!$X$5:$X$204,38)=0,"",INDEX(ERP导入清单!E:E,IFERROR(MATCH(38,ERP导入清单!$X$5:$X$204,0)+4,""))) | F42: =IF(COUNTIF(ERP导入清单!$X$5:$X$204,38)=0,"",INDEX(ERP导入清单!F:F,IFERROR(MATCH(38,ERP导入清单!$X$5:$X$204,0)+4,""))) | G42: =IF(COUNTIF(ERP导入清单!$X$5:$X$204,38)=0,"",INDEX(ERP导入清单!G:G,IFERROR(MATCH(38,ERP导入清单!$X$5:$X$204,0)+4,""))) | H42: =IF(COUNTIF(ERP导入清单!$X$5:$X$204,38)=0,"",INDEX(ERP导入清单!H:H,IFERROR(MATCH(38,ERP导入清单!$X$5:$X$204,0)+4,""))) | I42: =IF(COUNTIF(ERP导入清单!$X$5:$X$204,38)=0,"",INDEX(ERP导入清单!I:I,IFERROR(MATCH(38,ERP导入清单!$X$5:$X$204,0)+4,""))) | J42: =IF(COUNTIF(ERP导入清单!$X$5:$X$204,38)=0,"",INDEX(ERP导入清单!J:J,IFERROR(MATCH(38,ERP导入清单!$X$5:$X$204,0)+4,""))) | K42: =IF(COUNTIF(ERP导入清单!$X$5:$X$204,38)=0,"",INDEX(ERP导入清单!K:K,IFERROR(MATCH(38,ERP导入清单!$X$5:$X$204,0)+4,""))) | L42: =IF(COUNTIF(ERP导入清单!$X$5:$X$204,38)=0,"",INDEX(ERP导入清单!L:L,IFERROR(MATCH(38,ERP导入清单!$X$5:$X$204,0)+4,""))) | M42: =IF(COUNTIF(ERP导入清单!$X$5:$X$204,38)=0,"",INDEX(ERP导入清单!M:M,IFERROR(MATCH(38,ERP导入清单!$X$5:$X$204,0)+4,""))) | N42: =IF(COUNTIF(ERP导入清单!$X$5:$X$204,38)=0,"",INDEX(ERP导入清单!N:N,IFERROR(MATCH(38,ERP导入清单!$X$5:$X$204,0)+4,""))) | O42: =IF(COUNTIF(ERP导入清单!$X$5:$X$204,38)=0,"",INDEX(ERP导入清单!O:O,IFERROR(MATCH(38,ERP导入清单!$X$5:$X$204,0)+4,""))) | P42: =IF(COUNTIF(ERP导入清单!$X$5:$X$204,38)=0,"",INDEX(ERP导入清单!P:P,IFERROR(MATCH(38,ERP导入清单!$X$5:$X$204,0)+4,""))) | Q42: =IF(COUNTIF(ERP导入清单!$X$5:$X$204,38)=0,"",INDEX(ERP导入清单!Q:Q,IFERROR(MATCH(38,ERP导入清单!$X$5:$X$204,0)+4,""))) | R42: =IF(COUNTIF(ERP导入清单!$X$5:$X$204,38)=0,"",INDEX(ERP导入清单!R:R,IFERROR(MATCH(38,ERP导入清单!$X$5:$X$204,0)+4,""))) | S42: =IF(COUNTIF(ERP导入清单!$X$5:$X$204,38)=0,"",INDEX(ERP导入清单!S:S,IFERROR(MATCH(38,ERP导入清单!$X$5:$X$204,0)+4,""))) | T42: =IF(COUNTIF(ERP导入清单!$X$5:$X$204,38)=0,"",INDEX(ERP导入清单!T:T,IFERROR(MATCH(38,ERP导入清单!$X$5:$X$204,0)+4,""))) | U42: =IF(COUNTIF(ERP导入清单!$X$5:$X$204,38)=0,"",INDEX(ERP导入清单!U:U,IFERROR(MATCH(38,ERP导入清单!$X$5:$X$204,0)+4,""))) | V42: =IF(COUNTIF(ERP导入清单!$X$5:$X$204,38)=0,"",INDEX(ERP导入清单!V:V,IFERROR(MATCH(38,ERP导入清单!$X$5:$X$204,0)+4,""))) | W42: =IF(COUNTIF(ERP导入清单!$X$5:$X$204,38)=0,"",INDEX(ERP导入清单!W:W,IFERROR(MATCH(38,ERP导入清单!$X$5:$X$204,0)+4,"")))
A43: =IF(COUNTIF(ERP导入清单!$X$5:$X$204,39)=0,"",INDEX(ERP导入清单!A:A,IFERROR(MATCH(39,ERP导入清单!$X$5:$X$204,0)+4,""))) | B43: =IF(COUNTIF(ERP导入清单!$X$5:$X$204,39)=0,"",INDEX(ERP导入清单!B:B,IFERROR(MATCH(39,ERP导入清单!$X$5:$X$204,0)+4,""))) | C43: =IF(COUNTIF(ERP导入清单!$X$5:$X$204,39)=0,"",INDEX(ERP导入清单!C:C,IFERROR(MATCH(39,ERP导入清单!$X$5:$X$204,0)+4,""))) | D43: =IF(COUNTIF(ERP导入清单!$X$5:$X$204,39)=0,"",INDEX(ERP导入清单!D:D,IFERROR(MATCH(39,ERP导入清单!$X$5:$X$204,0)+4,""))) | E43: =IF(COUNTIF(ERP导入清单!$X$5:$X$204,39)=0,"",INDEX(ERP导入清单!E:E,IFERROR(MATCH(39,ERP导入清单!$X$5:$X$204,0)+4,""))) | F43: =IF(COUNTIF(ERP导入清单!$X$5:$X$204,39)=0,"",INDEX(ERP导入清单!F:F,IFERROR(MATCH(39,ERP导入清单!$X$5:$X$204,0)+4,""))) | G43: =IF(COUNTIF(ERP导入清单!$X$5:$X$204,39)=0,"",INDEX(ERP导入清单!G:G,IFERROR(MATCH(39,ERP导入清单!$X$5:$X$204,0)+4,""))) | H43: =IF(COUNTIF(ERP导入清单!$X$5:$X$204,39)=0,"",INDEX(ERP导入清单!H:H,IFERROR(MATCH(39,ERP导入清单!$X$5:$X$204,0)+4,""))) | I43: =IF(COUNTIF(ERP导入清单!$X$5:$X$204,39)=0,"",INDEX(ERP导入清单!I:I,IFERROR(MATCH(39,ERP导入清单!$X$5:$X$204,0)+4,""))) | J43: =IF(COUNTIF(ERP导入清单!$X$5:$X$204,39)=0,"",INDEX(ERP导入清单!J:J,IFERROR(MATCH(39,ERP导入清单!$X$5:$X$204,0)+4,""))) | K43: =IF(COUNTIF(ERP导入清单!$X$5:$X$204,39)=0,"",INDEX(ERP导入清单!K:K,IFERROR(MATCH(39,ERP导入清单!$X$5:$X$204,0)+4,""))) | L43: =IF(COUNTIF(ERP导入清单!$X$5:$X$204,39)=0,"",INDEX(ERP导入清单!L:L,IFERROR(MATCH(39,ERP导入清单!$X$5:$X$204,0)+4,""))) | M43: =IF(COUNTIF(ERP导入清单!$X$5:$X$204,39)=0,"",INDEX(ERP导入清单!M:M,IFERROR(MATCH(39,ERP导入清单!$X$5:$X$204,0)+4,""))) | N43: =IF(COUNTIF(ERP导入清单!$X$5:$X$204,39)=0,"",INDEX(ERP导入清单!N:N,IFERROR(MATCH(39,ERP导入清单!$X$5:$X$204,0)+4,""))) | O43: =IF(COUNTIF(ERP导入清单!$X$5:$X$204,39)=0,"",INDEX(ERP导入清单!O:O,IFERROR(MATCH(39,ERP导入清单!$X$5:$X$204,0)+4,""))) | P43: =IF(COUNTIF(ERP导入清单!$X$5:$X$204,39)=0,"",INDEX(ERP导入清单!P:P,IFERROR(MATCH(39,ERP导入清单!$X$5:$X$204,0)+4,""))) | Q43: =IF(COUNTIF(ERP导入清单!$X$5:$X$204,39)=0,"",INDEX(ERP导入清单!Q:Q,IFERROR(MATCH(39,ERP导入清单!$X$5:$X$204,0)+4,""))) | R43: =IF(COUNTIF(ERP导入清单!$X$5:$X$204,39)=0,"",INDEX(ERP导入清单!R:R,IFERROR(MATCH(39,ERP导入清单!$X$5:$X$204,0)+4,""))) | S43: =IF(COUNTIF(ERP导入清单!$X$5:$X$204,39)=0,"",INDEX(ERP导入清单!S:S,IFERROR(MATCH(39,ERP导入清单!$X$5:$X$204,0)+4,""))) | T43: =IF(COUNTIF(ERP导入清单!$X$5:$X$204,39)=0,"",INDEX(ERP导入清单!T:T,IFERROR(MATCH(39,ERP导入清单!$X$5:$X$204,0)+4,""))) | U43: =IF(COUNTIF(ERP导入清单!$X$5:$X$204,39)=0,"",INDEX(ERP导入清单!U:U,IFERROR(MATCH(39,ERP导入清单!$X$5:$X$204,0)+4,""))) | V43: =IF(COUNTIF(ERP导入清单!$X$5:$X$204,39)=0,"",INDEX(ERP导入清单!V:V,IFERROR(MATCH(39,ERP导入清单!$X$5:$X$204,0)+4,""))) | W43: =IF(COUNTIF(ERP导入清单!$X$5:$X$204,39)=0,"",INDEX(ERP导入清单!W:W,IFERROR(MATCH(39,ERP导入清单!$X$5:$X$204,0)+4,"")))
A44: =IF(COUNTIF(ERP导入清单!$X$5:$X$204,40)=0,"",INDEX(ERP导入清单!A:A,IFERROR(MATCH(40,ERP导入清单!$X$5:$X$204,0)+4,""))) | B44: =IF(COUNTIF(ERP导入清单!$X$5:$X$204,40)=0,"",INDEX(ERP导入清单!B:B,IFERROR(MATCH(40,ERP导入清单!$X$5:$X$204,0)+4,""))) | C44: =IF(COUNTIF(ERP导入清单!$X$5:$X$204,40)=0,"",INDEX(ERP导入清单!C:C,IFERROR(MATCH(40,ERP导入清单!$X$5:$X$204,0)+4,""))) | D44: =IF(COUNTIF(ERP导入清单!$X$5:$X$204,40)=0,"",INDEX(ERP导入清单!D:D,IFERROR(MATCH(40,ERP导入清单!$X$5:$X$204,0)+4,""))) | E44: =IF(COUNTIF(ERP导入清单!$X$5:$X$204,40)=0,"",INDEX(ERP导入清单!E:E,IFERROR(MATCH(40,ERP导入清单!$X$5:$X$204,0)+4,""))) | F44: =IF(COUNTIF(ERP导入清单!$X$5:$X$204,40)=0,"",INDEX(ERP导入清单!F:F,IFERROR(MATCH(40,ERP导入清单!$X$5:$X$204,0)+4,""))) | G44: =IF(COUNTIF(ERP导入清单!$X$5:$X$204,40)=0,"",INDEX(ERP导入清单!G:G,IFERROR(MATCH(40,ERP导入清单!$X$5:$X$204,0)+4,""))) | H44: =IF(COUNTIF(ERP导入清单!$X$5:$X$204,40)=0,"",INDEX(ERP导入清单!H:H,IFERROR(MATCH(40,ERP导入清单!$X$5:$X$204,0)+4,""))) | I44: =IF(COUNTIF(ERP导入清单!$X$5:$X$204,40)=0,"",INDEX(ERP导入清单!I:I,IFERROR(MATCH(40,ERP导入清单!$X$5:$X$204,0)+4,""))) | J44: =IF(COUNTIF(ERP导入清单!$X$5:$X$204,40)=0,"",INDEX(ERP导入清单!J:J,IFERROR(MATCH(40,ERP导入清单!$X$5:$X$204,0)+4,""))) | K44: =IF(COUNTIF(ERP导入清单!$X$5:$X$204,40)=0,"",INDEX(ERP导入清单!K:K,IFERROR(MATCH(40,ERP导入清单!$X$5:$X$204,0)+4,""))) | L44: =IF(COUNTIF(ERP导入清单!$X$5:$X$204,40)=0,"",INDEX(ERP导入清单!L:L,IFERROR(MATCH(40,ERP导入清单!$X$5:$X$204,0)+4,""))) | M44: =IF(COUNTIF(ERP导入清单!$X$5:$X$204,40)=0,"",INDEX(ERP导入清单!M:M,IFERROR(MATCH(40,ERP导入清单!$X$5:$X$204,0)+4,""))) | N44: =IF(COUNTIF(ERP导入清单!$X$5:$X$204,40)=0,"",INDEX(ERP导入清单!N:N,IFERROR(MATCH(40,ERP导入清单!$X$5:$X$204,0)+4,""))) | O44: =IF(COUNTIF(ERP导入清单!$X$5:$X$204,40)=0,"",INDEX(ERP导入清单!O:O,IFERROR(MATCH(40,ERP导入清单!$X$5:$X$204,0)+4,""))) | P44: =IF(COUNTIF(ERP导入清单!$X$5:$X$204,40)=0,"",INDEX(ERP导入清单!P:P,IFERROR(MATCH(40,ERP导入清单!$X$5:$X$204,0)+4,""))) | Q44: =IF(COUNTIF(ERP导入清单!$X$5:$X$204,40)=0,"",INDEX(ERP导入清单!Q:Q,IFERROR(MATCH(40,ERP导入清单!$X$5:$X$204,0)+4,""))) | R44: =IF(COUNTIF(ERP导入清单!$X$5:$X$204,40)=0,"",INDEX(ERP导入清单!R:R,IFERROR(MATCH(40,ERP导入清单!$X$5:$X$204,0)+4,""))) | S44: =IF(COUNTIF(ERP导入清单!$X$5:$X$204,40)=0,"",INDEX(ERP导入清单!S:S,IFERROR(MATCH(40,ERP导入清单!$X$5:$X$204,0)+4,""))) | T44: =IF(COUNTIF(ERP导入清单!$X$5:$X$204,40)=0,"",INDEX(ERP导入清单!T:T,IFERROR(MATCH(40,ERP导入清单!$X$5:$X$204,0)+4,""))) | U44: =IF(COUNTIF(ERP导入清单!$X$5:$X$204,40)=0,"",INDEX(ERP导入清单!U:U,IFERROR(MATCH(40,ERP导入清单!$X$5:$X$204,0)+4,""))) | V44: =IF(COUNTIF(ERP导入清单!$X$5:$X$204,40)=0,"",INDEX(ERP导入清单!V:V,IFERROR(MATCH(40,ERP导入清单!$X$5:$X$204,0)+4,""))) | W44: =IF(COUNTIF(ERP导入清单!$X$5:$X$204,40)=0,"",INDEX(ERP导入清单!W:W,IFERROR(MATCH(40,ERP导入清单!$X$5:$X$204,0)+4,"")))
A45: =IF(COUNTIF(ERP导入清单!$X$5:$X$204,41)=0,"",INDEX(ERP导入清单!A:A,IFERROR(MATCH(41,ERP导入清单!$X$5:$X$204,0)+4,""))) | B45: =IF(COUNTIF(ERP导入清单!$X$5:$X$204,41)=0,"",INDEX(ERP导入清单!B:B,IFERROR(MATCH(41,ERP导入清单!$X$5:$X$204,0)+4,""))) | C45: =IF(COUNTIF(ERP导入清单!$X$5:$X$204,41)=0,"",INDEX(ERP导入清单!C:C,IFERROR(MATCH(41,ERP导入清单!$X$5:$X$204,0)+4,""))) | D45: =IF(COUNTIF(ERP导入清单!$X$5:$X$204,41)=0,"",INDEX(ERP导入清单!D:D,IFERROR(MATCH(41,ERP导入清单!$X$5:$X$204,0)+4,""))) | E45: =IF(COUNTIF(ERP导入清单!$X$5:$X$204,41)=0,"",INDEX(ERP导入清单!E:E,IFERROR(MATCH(41,ERP导入清单!$X$5:$X$204,0)+4,""))) | F45: =IF(COUNTIF(ERP导入清单!$X$5:$X$204,41)=0,"",INDEX(ERP导入清单!F:F,IFERROR(MATCH(41,ERP导入清单!$X$5:$X$204,0)+4,""))) | G45: =IF(COUNTIF(ERP导入清单!$X$5:$X$204,41)=0,"",INDEX(ERP导入清单!G:G,IFERROR(MATCH(41,ERP导入清单!$X$5:$X$204,0)+4,""))) | H45: =IF(COUNTIF(ERP导入清单!$X$5:$X$204,41)=0,"",INDEX(ERP导入清单!H:H,IFERROR(MATCH(41,ERP导入清单!$X$5:$X$204,0)+4,""))) | I45: =IF(COUNTIF(ERP导入清单!$X$5:$X$204,41)=0,"",INDEX(ERP导入清单!I:I,IFERROR(MATCH(41,ERP导入清单!$X$5:$X$204,0)+4,""))) | J45: =IF(COUNTIF(ERP导入清单!$X$5:$X$204,41)=0,"",INDEX(ERP导入清单!J:J,IFERROR(MATCH(41,ERP导入清单!$X$5:$X$204,0)+4,""))) | K45: =IF(COUNTIF(ERP导入清单!$X$5:$X$204,41)=0,"",INDEX(ERP导入清单!K:K,IFERROR(MATCH(41,ERP导入清单!$X$5:$X$204,0)+4,""))) | L45: =IF(COUNTIF(ERP导入清单!$X$5:$X$204,41)=0,"",INDEX(ERP导入清单!L:L,IFERROR(MATCH(41,ERP导入清单!$X$5:$X$204,0)+4,""))) | M45: =IF(COUNTIF(ERP导入清单!$X$5:$X$204,41)=0,"",INDEX(ERP导入清单!M:M,IFERROR(MATCH(41,ERP导入清单!$X$5:$X$204,0)+4,""))) | N45: =IF(COUNTIF(ERP导入清单!$X$5:$X$204,41)=0,"",INDEX(ERP导入清单!N:N,IFERROR(MATCH(41,ERP导入清单!$X$5:$X$204,0)+4,""))) | O45: =IF(COUNTIF(ERP导入清单!$X$5:$X$204,41)=0,"",INDEX(ERP导入清单!O:O,IFERROR(MATCH(41,ERP导入清单!$X$5:$X$204,0)+4,""))) | P45: =IF(COUNTIF(ERP导入清单!$X$5:$X$204,41)=0,"",INDEX(ERP导入清单!P:P,IFERROR(MATCH(41,ERP导入清单!$X$5:$X$204,0)+4,""))) | Q45: =IF(COUNTIF(ERP导入清单!$X$5:$X$204,41)=0,"",INDEX(ERP导入清单!Q:Q,IFERROR(MATCH(41,ERP导入清单!$X$5:$X$204,0)+4,""))) | R45: =IF(COUNTIF(ERP导入清单!$X$5:$X$204,41)=0,"",INDEX(ERP导入清单!R:R,IFERROR(MATCH(41,ERP导入清单!$X$5:$X$204,0)+4,""))) | S45: =IF(COUNTIF(ERP导入清单!$X$5:$X$204,41)=0,"",INDEX(ERP导入清单!S:S,IFERROR(MATCH(41,ERP导入清单!$X$5:$X$204,0)+4,""))) | T45: =IF(COUNTIF(ERP导入清单!$X$5:$X$204,41)=0,"",INDEX(ERP导入清单!T:T,IFERROR(MATCH(41,ERP导入清单!$X$5:$X$204,0)+4,""))) | U45: =IF(COUNTIF(ERP导入清单!$X$5:$X$204,41)=0,"",INDEX(ERP导入清单!U:U,IFERROR(MATCH(41,ERP导入清单!$X$5:$X$204,0)+4,""))) | V45: =IF(COUNTIF(ERP导入清单!$X$5:$X$204,41)=0,"",INDEX(ERP导入清单!V:V,IFERROR(MATCH(41,ERP导入清单!$X$5:$X$204,0)+4,""))) | W45: =IF(COUNTIF(ERP导入清单!$X$5:$X$204,41)=0,"",INDEX(ERP导入清单!W:W,IFERROR(MATCH(41,ERP导入清单!$X$5:$X$204,0)+4,"")))
A46: =IF(COUNTIF(ERP导入清单!$X$5:$X$204,42)=0,"",INDEX(ERP导入清单!A:A,IFERROR(MATCH(42,ERP导入清单!$X$5:$X$204,0)+4,""))) | B46: =IF(COUNTIF(ERP导入清单!$X$5:$X$204,42)=0,"",INDEX(ERP导入清单!B:B,IFERROR(MATCH(42,ERP导入清单!$X$5:$X$204,0)+4,""))) | C46: =IF(COUNTIF(ERP导入清单!$X$5:$X$204,42)=0,"",INDEX(ERP导入清单!C:C,IFERROR(MATCH(42,ERP导入清单!$X$5:$X$204,0)+4,""))) | D46: =IF(COUNTIF(ERP导入清单!$X$5:$X$204,42)=0,"",INDEX(ERP导入清单!D:D,IFERROR(MATCH(42,ERP导入清单!$X$5:$X$204,0)+4,""))) | E46: =IF(COUNTIF(ERP导入清单!$X$5:$X$204,42)=0,"",INDEX(ERP导入清单!E:E,IFERROR(MATCH(42,ERP导入清单!$X$5:$X$204,0)+4,""))) | F46: =IF(COUNTIF(ERP导入清单!$X$5:$X$204,42)=0,"",INDEX(ERP导入清单!F:F,IFERROR(MATCH(42,ERP导入清单!$X$5:$X$204,0)+4,""))) | G46: =IF(COUNTIF(ERP导入清单!$X$5:$X$204,42)=0,"",INDEX(ERP导入清单!G:G,IFERROR(MATCH(42,ERP导入清单!$X$5:$X$204,0)+4,""))) | H46: =IF(COUNTIF(ERP导入清单!$X$5:$X$204,42)=0,"",INDEX(ERP导入清单!H:H,IFERROR(MATCH(42,ERP导入清单!$X$5:$X$204,0)+4,""))) | I46: =IF(COUNTIF(ERP导入清单!$X$5:$X$204,42)=0,"",INDEX(ERP导入清单!I:I,IFERROR(MATCH(42,ERP导入清单!$X$5:$X$204,0)+4,""))) | J46: =IF(COUNTIF(ERP导入清单!$X$5:$X$204,42)=0,"",INDEX(ERP导入清单!J:J,IFERROR(MATCH(42,ERP导入清单!$X$5:$X$204,0)+4,""))) | K46: =IF(COUNTIF(ERP导入清单!$X$5:$X$204,42)=0,"",INDEX(ERP导入清单!K:K,IFERROR(MATCH(42,ERP导入清单!$X$5:$X$204,0)+4,""))) | L46: =IF(COUNTIF(ERP导入清单!$X$5:$X$204,42)=0,"",INDEX(ERP导入清单!L:L,IFERROR(MATCH(42,ERP导入清单!$X$5:$X$204,0)+4,""))) | M46: =IF(COUNTIF(ERP导入清单!$X$5:$X$204,42)=0,"",INDEX(ERP导入清单!M:M,IFERROR(MATCH(42,ERP导入清单!$X$5:$X$204,0)+4,""))) | N46: =IF(COUNTIF(ERP导入清单!$X$5:$X$204,42)=0,"",INDEX(ERP导入清单!N:N,IFERROR(MATCH(42,ERP导入清单!$X$5:$X$204,0)+4,""))) | O46: =IF(COUNTIF(ERP导入清单!$X$5:$X$204,42)=0,"",INDEX(ERP导入清单!O:O,IFERROR(MATCH(42,ERP导入清单!$X$5:$X$204,0)+4,""))) | P46: =IF(COUNTIF(ERP导入清单!$X$5:$X$204,42)=0,"",INDEX(ERP导入清单!P:P,IFERROR(MATCH(42,ERP导入清单!$X$5:$X$204,0)+4,""))) | Q46: =IF(COUNTIF(ERP导入清单!$X$5:$X$204,42)=0,"",INDEX(ERP导入清单!Q:Q,IFERROR(MATCH(42,ERP导入清单!$X$5:$X$204,0)+4,""))) | R46: =IF(COUNTIF(ERP导入清单!$X$5:$X$204,42)=0,"",INDEX(ERP导入清单!R:R,IFERROR(MATCH(42,ERP导入清单!$X$5:$X$204,0)+4,""))) | S46: =IF(COUNTIF(ERP导入清单!$X$5:$X$204,42)=0,"",INDEX(ERP导入清单!S:S,IFERROR(MATCH(42,ERP导入清单!$X$5:$X$204,0)+4,""))) | T46: =IF(COUNTIF(ERP导入清单!$X$5:$X$204,42)=0,"",INDEX(ERP导入清单!T:T,IFERROR(MATCH(42,ERP导入清单!$X$5:$X$204,0)+4,""))) | U46: =IF(COUNTIF(ERP导入清单!$X$5:$X$204,42)=0,"",INDEX(ERP导入清单!U:U,IFERROR(MATCH(42,ERP导入清单!$X$5:$X$204,0)+4,""))) | V46: =IF(COUNTIF(ERP导入清单!$X$5:$X$204,42)=0,"",INDEX(ERP导入清单!V:V,IFERROR(MATCH(42,ERP导入清单!$X$5:$X$204,0)+4,""))) | W46: =IF(COUNTIF(ERP导入清单!$X$5:$X$204,42)=0,"",INDEX(ERP导入清单!W:W,IFERROR(MATCH(42,ERP导入清单!$X$5:$X$204,0)+4,"")))
A47: =IF(COUNTIF(ERP导入清单!$X$5:$X$204,43)=0,"",INDEX(ERP导入清单!A:A,IFERROR(MATCH(43,ERP导入清单!$X$5:$X$204,0)+4,""))) | B47: =IF(COUNTIF(ERP导入清单!$X$5:$X$204,43)=0,"",INDEX(ERP导入清单!B:B,IFERROR(MATCH(43,ERP导入清单!$X$5:$X$204,0)+4,""))) | C47: =IF(COUNTIF(ERP导入清单!$X$5:$X$204,43)=0,"",INDEX(ERP导入清单!C:C,IFERROR(MATCH(43,ERP导入清单!$X$5:$X$204,0)+4,""))) | D47: =IF(COUNTIF(ERP导入清单!$X$5:$X$204,43)=0,"",INDEX(ERP导入清单!D:D,IFERROR(MATCH(43,ERP导入清单!$X$5:$X$204,0)+4,""))) | E47: =IF(COUNTIF(ERP导入清单!$X$5:$X$204,43)=0,"",INDEX(ERP导入清单!E:E,IFERROR(MATCH(43,ERP导入清单!$X$5:$X$204,0)+4,""))) | F47: =IF(COUNTIF(ERP导入清单!$X$5:$X$204,43)=0,"",INDEX(ERP导入清单!F:F,IFERROR(MATCH(43,ERP导入清单!$X$5:$X$204,0)+4,""))) | G47: =IF(COUNTIF(ERP导入清单!$X$5:$X$204,43)=0,"",INDEX(ERP导入清单!G:G,IFERROR(MATCH(43,ERP导入清单!$X$5:$X$204,0)+4,""))) | H47: =IF(COUNTIF(ERP导入清单!$X$5:$X$204,43)=0,"",INDEX(ERP导入清单!H:H,IFERROR(MATCH(43,ERP导入清单!$X$5:$X$204,0)+4,""))) | I47: =IF(COUNTIF(ERP导入清单!$X$5:$X$204,43)=0,"",INDEX(ERP导入清单!I:I,IFERROR(MATCH(43,ERP导入清单!$X$5:$X$204,0)+4,""))) | J47: =IF(COUNTIF(ERP导入清单!$X$5:$X$204,43)=0,"",INDEX(ERP导入清单!J:J,IFERROR(MATCH(43,ERP导入清单!$X$5:$X$204,0)+4,""))) | K47: =IF(COUNTIF(ERP导入清单!$X$5:$X$204,43)=0,"",INDEX(ERP导入清单!K:K,IFERROR(MATCH(43,ERP导入清单!$X$5:$X$204,0)+4,""))) | L47: =IF(COUNTIF(ERP导入清单!$X$5:$X$204,43)=0,"",INDEX(ERP导入清单!L:L,IFERROR(MATCH(43,ERP导入清单!$X$5:$X$204,0)+4,""))) | M47: =IF(COUNTIF(ERP导入清单!$X$5:$X$204,43)=0,"",INDEX(ERP导入清单!M:M,IFERROR(MATCH(43,ERP导入清单!$X$5:$X$204,0)+4,""))) | N47: =IF(COUNTIF(ERP导入清单!$X$5:$X$204,43)=0,"",INDEX(ERP导入清单!N:N,IFERROR(MATCH(43,ERP导入清单!$X$5:$X$204,0)+4,""))) | O47: =IF(COUNTIF(ERP导入清单!$X$5:$X$204,43)=0,"",INDEX(ERP导入清单!O:O,IFERROR(MATCH(43,ERP导入清单!$X$5:$X$204,0)+4,""))) | P47: =IF(COUNTIF(ERP导入清单!$X$5:$X$204,43)=0,"",INDEX(ERP导入清单!P:P,IFERROR(MATCH(43,ERP导入清单!$X$5:$X$204,0)+4,""))) | Q47: =IF(COUNTIF(ERP导入清单!$X$5:$X$204,43)=0,"",INDEX(ERP导入清单!Q:Q,IFERROR(MATCH(43,ERP导入清单!$X$5:$X$204,0)+4,""))) | R47: =IF(COUNTIF(ERP导入清单!$X$5:$X$204,43)=0,"",INDEX(ERP导入清单!R:R,IFERROR(MATCH(43,ERP导入清单!$X$5:$X$204,0)+4,""))) | S47: =IF(COUNTIF(ERP导入清单!$X$5:$X$204,43)=0,"",INDEX(ERP导入清单!S:S,IFERROR(MATCH(43,ERP导入清单!$X$5:$X$204,0)+4,""))) | T47: =IF(COUNTIF(ERP导入清单!$X$5:$X$204,43)=0,"",INDEX(ERP导入清单!T:T,IFERROR(MATCH(43,ERP导入清单!$X$5:$X$204,0)+4,""))) | U47: =IF(COUNTIF(ERP导入清单!$X$5:$X$204,43)=0,"",INDEX(ERP导入清单!U:U,IFERROR(MATCH(43,ERP导入清单!$X$5:$X$204,0)+4,""))) | V47: =IF(COUNTIF(ERP导入清单!$X$5:$X$204,43)=0,"",INDEX(ERP导入清单!V:V,IFERROR(MATCH(43,ERP导入清单!$X$5:$X$204,0)+4,""))) | W47: =IF(COUNTIF(ERP导入清单!$X$5:$X$204,43)=0,"",INDEX(ERP导入清单!W:W,IFERROR(MATCH(43,ERP导入清单!$X$5:$X$204,0)+4,"")))
A48: =IF(COUNTIF(ERP导入清单!$X$5:$X$204,44)=0,"",INDEX(ERP导入清单!A:A,IFERROR(MATCH(44,ERP导入清单!$X$5:$X$204,0)+4,""))) | B48: =IF(COUNTIF(ERP导入清单!$X$5:$X$204,44)=0,"",INDEX(ERP导入清单!B:B,IFERROR(MATCH(44,ERP导入清单!$X$5:$X$204,0)+4,""))) | C48: =IF(COUNTIF(ERP导入清单!$X$5:$X$204,44)=0,"",INDEX(ERP导入清单!C:C,IFERROR(MATCH(44,ERP导入清单!$X$5:$X$204,0)+4,""))) | D48: =IF(COUNTIF(ERP导入清单!$X$5:$X$204,44)=0,"",INDEX(ERP导入清单!D:D,IFERROR(MATCH(44,ERP导入清单!$X$5:$X$204,0)+4,""))) | E48: =IF(COUNTIF(ERP导入清单!$X$5:$X$204,44)=0,"",INDEX(ERP导入清单!E:E,IFERROR(MATCH(44,ERP导入清单!$X$5:$X$204,0)+4,""))) | F48: =IF(COUNTIF(ERP导入清单!$X$5:$X$204,44)=0,"",INDEX(ERP导入清单!F:F,IFERROR(MATCH(44,ERP导入清单!$X$5:$X$204,0)+4,""))) | G48: =IF(COUNTIF(ERP导入清单!$X$5:$X$204,44)=0,"",INDEX(ERP导入清单!G:G,IFERROR(MATCH(44,ERP导入清单!$X$5:$X$204,0)+4,""))) | H48: =IF(COUNTIF(ERP导入清单!$X$5:$X$204,44)=0,"",INDEX(ERP导入清单!H:H,IFERROR(MATCH(44,ERP导入清单!$X$5:$X$204,0)+4,""))) | I48: =IF(COUNTIF(ERP导入清单!$X$5:$X$204,44)=0,"",INDEX(ERP导入清单!I:I,IFERROR(MATCH(44,ERP导入清单!$X$5:$X$204,0)+4,""))) | J48: =IF(COUNTIF(ERP导入清单!$X$5:$X$204,44)=0,"",INDEX(ERP导入清单!J:J,IFERROR(MATCH(44,ERP导入清单!$X$5:$X$204,0)+4,""))) | K48: =IF(COUNTIF(ERP导入清单!$X$5:$X$204,44)=0,"",INDEX(ERP导入清单!K:K,IFERROR(MATCH(44,ERP导入清单!$X$5:$X$204,0)+4,""))) | L48: =IF(COUNTIF(ERP导入清单!$X$5:$X$204,44)=0,"",INDEX(ERP导入清单!L:L,IFERROR(MATCH(44,ERP导入清单!$X$5:$X$204,0)+4,""))) | M48: =IF(COUNTIF(ERP导入清单!$X$5:$X$204,44)=0,"",INDEX(ERP导入清单!M:M,IFERROR(MATCH(44,ERP导入清单!$X$5:$X$204,0)+4,""))) | N48: =IF(COUNTIF(ERP导入清单!$X$5:$X$204,44)=0,"",INDEX(ERP导入清单!N:N,IFERROR(MATCH(44,ERP导入清单!$X$5:$X$204,0)+4,""))) | O48: =IF(COUNTIF(ERP导入清单!$X$5:$X$204,44)=0,"",INDEX(ERP导入清单!O:O,IFERROR(MATCH(44,ERP导入清单!$X$5:$X$204,0)+4,""))) | P48: =IF(COUNTIF(ERP导入清单!$X$5:$X$204,44)=0,"",INDEX(ERP导入清单!P:P,IFERROR(MATCH(44,ERP导入清单!$X$5:$X$204,0)+4,""))) | Q48: =IF(COUNTIF(ERP导入清单!$X$5:$X$204,44)=0,"",INDEX(ERP导入清单!Q:Q,IFERROR(MATCH(44,ERP导入清单!$X$5:$X$204,0)+4,""))) | R48: =IF(COUNTIF(ERP导入清单!$X$5:$X$204,44)=0,"",INDEX(ERP导入清单!R:R,IFERROR(MATCH(44,ERP导入清单!$X$5:$X$204,0)+4,""))) | S48: =IF(COUNTIF(ERP导入清单!$X$5:$X$204,44)=0,"",INDEX(ERP导入清单!S:S,IFERROR(MATCH(44,ERP导入清单!$X$5:$X$204,0)+4,""))) | T48: =IF(COUNTIF(ERP导入清单!$X$5:$X$204,44)=0,"",INDEX(ERP导入清单!T:T,IFERROR(MATCH(44,ERP导入清单!$X$5:$X$204,0)+4,""))) | U48: =IF(COUNTIF(ERP导入清单!$X$5:$X$204,44)=0,"",INDEX(ERP导入清单!U:U,IFERROR(MATCH(44,ERP导入清单!$X$5:$X$204,0)+4,""))) | V48: =IF(COUNTIF(ERP导入清单!$X$5:$X$204,44)=0,"",INDEX(ERP导入清单!V:V,IFERROR(MATCH(44,ERP导入清单!$X$5:$X$204,0)+4,""))) | W48: =IF(COUNTIF(ERP导入清单!$X$5:$X$204,44)=0,"",INDEX(ERP导入清单!W:W,IFERROR(MATCH(44,ERP导入清单!$X$5:$X$204,0)+4,"")))
A49: =IF(COUNTIF(ERP导入清单!$X$5:$X$204,45)=0,"",INDEX(ERP导入清单!A:A,IFERROR(MATCH(45,ERP导入清单!$X$5:$X$204,0)+4,""))) | B49: =IF(COUNTIF(ERP导入清单!$X$5:$X$204,45)=0,"",INDEX(ERP导入清单!B:B,IFERROR(MATCH(45,ERP导入清单!$X$5:$X$204,0)+4,""))) | C49: =IF(COUNTIF(ERP导入清单!$X$5:$X$204,45)=0,"",INDEX(ERP导入清单!C:C,IFERROR(MATCH(45,ERP导入清单!$X$5:$X$204,0)+4,""))) | D49: =IF(COUNTIF(ERP导入清单!$X$5:$X$204,45)=0,"",INDEX(ERP导入清单!D:D,IFERROR(MATCH(45,ERP导入清单!$X$5:$X$204,0)+4,""))) | E49: =IF(COUNTIF(ERP导入清单!$X$5:$X$204,45)=0,"",INDEX(ERP导入清单!E:E,IFERROR(MATCH(45,ERP导入清单!$X$5:$X$204,0)+4,""))) | F49: =IF(COUNTIF(ERP导入清单!$X$5:$X$204,45)=0,"",INDEX(ERP导入清单!F:F,IFERROR(MATCH(45,ERP导入清单!$X$5:$X$204,0)+4,""))) | G49: =IF(COUNTIF(ERP导入清单!$X$5:$X$204,45)=0,"",INDEX(ERP导入清单!G:G,IFERROR(MATCH(45,ERP导入清单!$X$5:$X$204,0)+4,""))) | H49: =IF(COUNTIF(ERP导入清单!$X$5:$X$204,45)=0,"",INDEX(ERP导入清单!H:H,IFERROR(MATCH(45,ERP导入清单!$X$5:$X$204,0)+4,""))) | I49: =IF(COUNTIF(ERP导入清单!$X$5:$X$204,45)=0,"",INDEX(ERP导入清单!I:I,IFERROR(MATCH(45,ERP导入清单!$X$5:$X$204,0)+4,""))) | J49: =IF(COUNTIF(ERP导入清单!$X$5:$X$204,45)=0,"",INDEX(ERP导入清单!J:J,IFERROR(MATCH(45,ERP导入清单!$X$5:$X$204,0)+4,""))) | K49: =IF(COUNTIF(ERP导入清单!$X$5:$X$204,45)=0,"",INDEX(ERP导入清单!K:K,IFERROR(MATCH(45,ERP导入清单!$X$5:$X$204,0)+4,""))) | L49: =IF(COUNTIF(ERP导入清单!$X$5:$X$204,45)=0,"",INDEX(ERP导入清单!L:L,IFERROR(MATCH(45,ERP导入清单!$X$5:$X$204,0)+4,""))) | M49: =IF(COUNTIF(ERP导入清单!$X$5:$X$204,45)=0,"",INDEX(ERP导入清单!M:M,IFERROR(MATCH(45,ERP导入清单!$X$5:$X$204,0)+4,""))) | N49: =IF(COUNTIF(ERP导入清单!$X$5:$X$204,45)=0,"",INDEX(ERP导入清单!N:N,IFERROR(MATCH(45,ERP导入清单!$X$5:$X$204,0)+4,""))) | O49: =IF(COUNTIF(ERP导入清单!$X$5:$X$204,45)=0,"",INDEX(ERP导入清单!O:O,IFERROR(MATCH(45,ERP导入清单!$X$5:$X$204,0)+4,""))) | P49: =IF(COUNTIF(ERP导入清单!$X$5:$X$204,45)=0,"",INDEX(ERP导入清单!P:P,IFERROR(MATCH(45,ERP导入清单!$X$5:$X$204,0)+4,""))) | Q49: =IF(COUNTIF(ERP导入清单!$X$5:$X$204,45)=0,"",INDEX(ERP导入清单!Q:Q,IFERROR(MATCH(45,ERP导入清单!$X$5:$X$204,0)+4,""))) | R49: =IF(COUNTIF(ERP导入清单!$X$5:$X$204,45)=0,"",INDEX(ERP导入清单!R:R,IFERROR(MATCH(45,ERP导入清单!$X$5:$X$204,0)+4,""))) | S49: =IF(COUNTIF(ERP导入清单!$X$5:$X$204,45)=0,"",INDEX(ERP导入清单!S:S,IFERROR(MATCH(45,ERP导入清单!$X$5:$X$204,0)+4,""))) | T49: =IF(COUNTIF(ERP导入清单!$X$5:$X$204,45)=0,"",INDEX(ERP导入清单!T:T,IFERROR(MATCH(45,ERP导入清单!$X$5:$X$204,0)+4,""))) | U49: =IF(COUNTIF(ERP导入清单!$X$5:$X$204,45)=0,"",INDEX(ERP导入清单!U:U,IFERROR(MATCH(45,ERP导入清单!$X$5:$X$204,0)+4,""))) | V49: =IF(COUNTIF(ERP导入清单!$X$5:$X$204,45)=0,"",INDEX(ERP导入清单!V:V,IFERROR(MATCH(45,ERP导入清单!$X$5:$X$204,0)+4,""))) | W49: =IF(COUNTIF(ERP导入清单!$X$5:$X$204,45)=0,"",INDEX(ERP导入清单!W:W,IFERROR(MATCH(45,ERP导入清单!$X$5:$X$204,0)+4,"")))
